dimension,window,matured,utm_source,utm_medium,deals,deals_share_pct,apply_oku,apply_share_pct,filing_oku,decision_oku,payment_oku,filing_rate_pct,decision_rate_pct,payment_rate_pct,won_rate_pct,lost_rate_pct,open_rate_pct,yield_pct,avg_apply_manwon,avg_payment_per_deal_manwon,avg_lag_days
utm_source,12M_cohort,True,toss.join,,16338,32.1,429.93,27.0,223.24,182.14,63.79,91.9,82.8,72.3,72.8,17.0,10.3,14.84,263.1,54.0,80.5
utm_source,12M_cohort,True,alrimtalk,,11576,22.7,332.31,20.9,170.6,135.28,47.32,89.4,78.8,73.2,73.6,20.4,6.0,14.24,287.1,55.9,85.5
utm_source,12M_cohort,True,kakaobank,,2681,5.3,64.21,4.0,32.32,25.78,9.02,91.8,82.1,74.9,75.5,17.2,7.4,14.05,239.5,44.9,83.4
utm_source,12M_cohort,True,referer,,1857,3.6,82.51,5.2,36.65,28.64,9.96,84.9,73.8,68.9,69.7,24.8,5.5,12.07,444.3,77.8,82.1
utm_source,12M_cohort,True,kbcardlms,,1805,3.5,72.03,4.5,32.14,24.3,8.73,83.5,73.9,68.8,69.3,25.5,5.2,12.12,399.1,70.3,78.3
utm_source,12M_cohort,True,google.adwords,,1558,3.1,48.66,3.1,17.46,14.2,4.93,80.7,69.8,62.6,63.4,28.0,8.6,10.13,312.3,50.6,87.3
utm_source,12M_cohort,True,shinhancardlms,,1470,2.9,33.47,2.1,13.44,11.53,4.16,91.2,84.1,80.1,80.1,15.4,4.5,12.43,227.7,35.3,72.5
utm_source,12M_cohort,True,sms,,1455,2.9,107.18,6.7,43.78,33.01,11.53,84.1,73.3,67.1,68.0,26.0,6.0,10.76,736.6,118.1,87.3
utm_source,12M_cohort,True,kakaochannel,,1230,2.4,37.37,2.3,18.11,13.93,4.91,87.5,76.9,70.7,71.2,22.7,6.1,13.14,303.8,56.4,81.7
utm_source,12M_cohort,True,hanacardlms,,1222,2.4,41.05,2.6,16.71,13.27,4.64,84.7,75.0,68.3,68.6,24.8,6.6,11.3,335.9,55.6,84.2
utm_source,12M_cohort,True,naver.searchad,,1003,2.0,44.15,2.8,20.98,14.97,5.15,81.9,68.0,68.5,69.2,26.3,4.5,11.66,440.2,75.0,80.6
utm_source,12M_cohort,True,partner,,873,1.7,32.06,2.0,15.97,10.82,3.69,86.5,78.2,71.0,71.4,21.2,7.4,11.51,367.2,59.5,84.3
utm_source,12M_cohort,True,cashnote,,858,1.7,29.9,1.9,11.11,8.34,2.91,83.6,68.5,59.7,60.3,31.1,8.6,9.73,348.5,56.8,84.1
utm_source,12M_cohort,True,facebook.business,,854,1.7,25.96,1.6,10.16,8.07,2.85,87.6,76.6,72.1,72.0,22.6,5.4,10.98,304.0,46.3,85.2
utm_source,12M_cohort,True,okpos,,718,1.4,26.85,1.7,10.76,8.98,3.21,79.8,67.4,63.1,63.4,32.0,4.6,11.96,374.0,70.9,87.1
utm_source,12M_cohort,True,wooricardlms,,686,1.3,22.21,1.4,9.37,7.54,2.65,83.1,73.3,67.8,68.1,25.8,6.1,11.93,323.8,57.0,84.5
utm_source,12M_cohort,True,zeropay,,666,1.3,17.48,1.1,7.75,5.91,2.11,84.1,74.6,68.6,68.9,24.8,6.3,12.07,262.5,46.2,77.7
utm_source,12M_cohort,True,alrimtalk.toss.join,,642,1.3,21.46,1.3,9.05,6.71,2.35,92.2,81.5,75.2,75.5,18.4,6.1,10.95,334.3,48.7,72.3
utm_source,12M_cohort,True,tiktok,,530,1.0,11.4,0.7,5.33,3.59,1.24,93.0,84.0,73.4,73.8,16.0,10.2,10.88,215.1,31.9,100.7
utm_source,12M_cohort,True,banksalad,,405,0.8,22.42,1.4,9.25,6.91,2.45,82.7,69.4,65.4,65.4,30.1,4.4,10.93,553.6,92.5,84.6
utm_source,12M_cohort,True,bznav.homepage,,195,0.4,9.76,0.6,4.62,3.54,1.14,70.3,51.3,57.4,57.9,37.4,4.6,11.68,500.5,101.8,85.7
utm_source,12M_cohort,True,imbank,,194,0.4,5.0,0.3,2.61,2.09,0.74,88.7,77.8,73.2,73.2,20.1,6.7,14.8,257.7,52.1,77.2
utm_source,12M_cohort,True,kakaobrandmsg,,189,0.4,3.66,0.2,1.14,0.8,0.29,91.5,78.3,70.9,70.9,21.2,7.9,7.92,193.7,21.6,76.2
utm_source,12M_cohort,True,app_bznav,,180,0.4,9.36,0.6,3.22,2.88,1.01,91.1,78.3,76.1,76.7,18.3,5.0,10.79,520.0,73.7,79.1
utm_source,12M_cohort,True,yogiyo,,159,0.3,4.81,0.3,1.79,1.57,0.54,88.1,76.1,69.8,71.1,22.6,6.3,11.23,302.5,48.6,89.4
utm_source,12M_cohort,True,sena,,156,0.3,6.1,0.4,2.9,2.58,0.92,87.8,75.0,73.1,73.1,25.0,1.9,15.08,391.0,80.7,85.2
utm_source,12M_cohort,True,atlantruck,,136,0.3,1.36,0.1,0.72,0.67,0.22,99.3,92.6,83.8,83.1,8.8,8.1,16.18,100.0,19.3,76.6
utm_source,12M_cohort,True,refund_pincrux,,135,0.3,3.42,0.2,1.22,1.07,0.38,83.7,73.3,57.8,59.3,25.2,15.6,11.11,253.3,48.7,92.6
utm_source,12M_cohort,True,share,,133,0.3,6.05,0.4,2.21,1.55,0.5,88.7,78.9,71.4,72.2,19.5,8.3,8.26,454.9,52.6,79.9
utm_source,12M_cohort,True,kakaopay,,131,0.3,3.94,0.2,1.4,1.09,0.4,83.2,69.5,60.3,61.1,29.8,9.2,10.15,300.8,50.6,72.6
utm_source,12M_cohort,True,zaritalk,,124,0.2,0.52,0.0,0.36,0.3,0.11,99.2,84.7,82.3,82.3,12.9,4.8,21.15,41.9,10.8,72.9
utm_source,12M_cohort,True,ktlms,,85,0.2,3.23,0.2,0.96,0.84,0.31,82.4,69.4,65.9,65.9,30.6,3.5,9.6,380.0,55.4,61.5
utm_source,12M_cohort,True,barogo,,74,0.1,1.3,0.1,0.56,0.37,0.13,91.9,74.3,68.9,67.6,27.0,5.4,10.0,175.7,25.5,86.2
utm_source,12M_cohort,True,smartbill,,73,0.1,3.41,0.2,1.19,0.64,0.22,50.7,34.2,42.5,42.5,54.8,2.7,6.45,467.1,71.0,75.6
utm_source,12M_cohort,True,naver_smartplace,,55,0.1,2.61,0.2,1.14,0.84,0.28,89.1,74.5,72.7,72.7,25.5,1.8,10.73,474.5,70.0,81.5
utm_source,12M_cohort,True,(none),,45,0.1,1.61,0.1,0.69,0.69,0.21,53.3,37.8,46.7,46.7,48.9,4.4,13.04,357.8,100.0,81.7
utm_source,12M_cohort,True,baeminmartlms,,39,0.1,1.36,0.1,0.44,0.4,0.15,84.6,74.4,66.7,69.2,23.1,7.7,11.03,348.7,57.7,70.2
utm_source,12M_cohort,True,finda,,38,0.1,1.67,0.1,0.59,0.57,0.2,89.5,84.2,78.9,78.9,15.8,5.3,11.98,439.5,66.7,63.7
utm_source,12M_cohort,True,email,,38,0.1,2.35,0.1,0.55,0.52,0.13,65.8,34.2,52.6,55.3,44.7,0.0,5.53,618.4,65.0,94.3
utm_source,12M_cohort,True,toss.partner,,36,0.1,2.79,0.2,0.66,0.5,0.18,86.1,66.7,63.9,63.9,33.3,2.8,6.45,775.0,78.3,52.6
utm_source,12M_cohort,True,helpcenter,,28,0.1,1.49,0.1,0.95,0.59,0.21,78.6,60.7,67.9,67.9,28.6,3.6,14.09,532.1,110.5,67.7
utm_source,12M_cohort,True,signalplanner,,23,0.0,0.21,0.0,0.11,0.1,0.03,100.0,91.3,91.3,91.3,8.7,0.0,14.29,91.3,14.3,72.7
utm_source,12M_cohort,True,kbcardevent,,23,0.0,0.45,0.0,0.15,0.14,0.05,91.3,78.3,78.3,78.3,21.7,0.0,11.11,195.7,27.8,72.4
utm_source,12M_cohort,True,care_kakaochannel,,22,0.0,0.43,0.0,0.25,0.17,0.06,95.5,77.3,72.7,72.7,22.7,4.5,13.95,195.5,37.5,75.2
utm_source,12M_cohort,True,samsungcard,,21,0.0,0.67,0.0,0.09,0.09,0.03,71.4,66.7,61.9,61.9,33.3,4.8,4.48,319.0,23.1,58.2
utm_source,12M_cohort,True,cafe_naver,,19,0.0,1.89,0.1,0.68,0.31,0.11,63.2,57.9,52.6,52.6,42.1,5.3,5.82,994.7,110.0,78.7
utm_source,12M_cohort,True,taehoonkim,,15,0.0,0.46,0.0,0.31,0.13,0.04,80.0,53.3,60.0,60.0,33.3,6.7,8.7,306.7,44.4,70.3
utm_source,12M_cohort,True,naverpay,,13,0.0,0.35,0.0,0.38,0.19,0.07,100.0,76.9,69.2,69.2,15.4,15.4,20.0,269.2,77.8,73.3
utm_source,12M_cohort,True,kakao,,12,0.0,0.66,0.0,0.06,,,66.7,0.0,0.0,0.0,25.0,75.0,0.0,550.0,,
utm_source,12M_cohort,True,care_service,,12,0.0,0.16,0.0,0.12,0.11,0.04,91.7,83.3,83.3,83.3,16.7,0.0,25.0,133.3,40.0,90.1
utm_source,12M_cohort,True,bznav_app,,12,0.0,0.22,0.0,0.1,0.08,0.03,91.7,66.7,58.3,58.3,33.3,8.3,13.64,183.3,42.9,189.4
utm_source,12M_cohort,True,sendy,,11,0.0,0.1,0.0,0.07,0.07,0.03,100.0,100.0,90.9,90.9,0.0,9.1,30.0,90.9,30.0,64.0
utm_source,12M_cohort,True,lms,,11,0.0,0.58,0.0,0.14,0.11,0.04,45.5,45.5,36.4,36.4,54.5,9.1,6.9,527.3,100.0,54.0
utm_source,12M_cohort,True,refund_operation,,9,0.0,0.81,0.1,0.4,0.4,0.08,88.9,88.9,88.9,88.9,11.1,0.0,9.88,900.0,100.0,81.0
utm_source,12M_cohort,True,instagram,,9,0.0,0.45,0.0,0.28,0.05,0.02,66.7,55.6,55.6,55.6,44.4,0.0,4.44,500.0,40.0,73.2
utm_source,12M_cohort,True,friendtalk,,8,0.0,0.28,0.0,0.16,0.16,0.06,75.0,75.0,75.0,75.0,25.0,0.0,21.43,350.0,100.0,90.2
utm_source,12M_cohort,True,hyundaicard,,7,0.0,0.16,0.0,0.16,0.11,0.04,85.7,71.4,71.4,71.4,14.3,14.3,25.0,228.6,80.0,160.6
utm_source,12M_cohort,True,pass,,6,0.0,0.28,0.0,0.22,0.22,0.08,83.3,66.7,50.0,50.0,33.3,16.7,28.57,466.7,266.7,193.0
utm_source,12M_cohort,True,portal,,4,0.0,0.19,0.0,0.07,0.03,0.01,50.0,25.0,25.0,25.0,75.0,0.0,5.26,475.0,100.0,63.0
utm_source,12M_cohort,True,channeltalk,,4,0.0,0.19,0.0,0.21,0.21,0.08,100.0,100.0,50.0,50.0,0.0,50.0,42.11,475.0,400.0,78.0
utm_source,12M_cohort,True,payhere,,3,0.0,0.03,0.0,0.03,0.01,0.0,100.0,66.7,66.7,66.7,33.3,0.0,0.0,100.0,0.0,76.5
utm_source,12M_cohort,True,paid_search,,3,0.0,0.15,0.0,0.04,0.04,0.02,100.0,100.0,66.7,66.7,0.0,33.3,13.33,500.0,100.0,77.5
utm_source,12M_cohort,True,lgupluslms,,3,0.0,0.05,0.0,0.04,0.02,0.01,100.0,33.3,33.3,33.3,33.3,33.3,20.0,166.7,100.0,243.0
utm_source,12M_cohort,True,alrimtalk_manual,,3,0.0,0.2,0.0,0.3,,,100.0,0.0,0.0,0.0,33.3,66.7,0.0,666.7,,
utm_source,12M_cohort,True,yujinkim,,2,0.0,0.04,0.0,0.0,0.0,0.0,100.0,100.0,100.0,100.0,0.0,0.0,0.0,200.0,0.0,50.5
utm_source,12M_cohort,True,youtube,,2,0.0,0.35,0.0,0.18,0.18,0.06,100.0,100.0,100.0,100.0,0.0,0.0,17.14,1750.0,300.0,80.0
utm_source,12M_cohort,True,ymyd,,2,0.0,0.44,0.0,0.18,,,50.0,0.0,0.0,0.0,100.0,0.0,0.0,2200.0,,
utm_source,12M_cohort,True,naver.performance_da,,2,0.0,0.03,0.0,0.02,0.02,0.01,50.0,0.0,50.0,50.0,50.0,0.0,33.33,150.0,100.0,110.0
utm_source,12M_cohort,True,moneyquiz,,2,0.0,0.42,0.0,0.08,0.08,0.03,100.0,100.0,100.0,100.0,0.0,0.0,7.14,2100.0,150.0,98.0
utm_source,12M_cohort,True,marketboro,,2,0.0,0.32,0.0,0.03,,,50.0,0.0,0.0,0.0,100.0,0.0,0.0,1600.0,,
utm_source,12M_cohort,True,cafe24,,2,0.0,0.76,0.0,,,0.0,0.0,0.0,0.0,0.0,100.0,0.0,0.0,3800.0,,
utm_source,12M_cohort,True,alrimtalk.event,,2,0.0,0.12,0.0,0.06,,,50.0,0.0,0.0,0.0,100.0,0.0,0.0,600.0,,
utm_source,12M_cohort,True,zsoo_sales4,,1,0.0,0.13,0.0,0.12,0.12,0.04,100.0,100.0,100.0,100.0,0.0,0.0,30.77,1300.0,400.0,60.0
utm_source,12M_cohort,True,theshop,,1,0.0,0.04,0.0,,,,0.0,0.0,0.0,0.0,100.0,0.0,0.0,400.0,,
utm_source,12M_cohort,True,shinhancard.partner,,1,0.0,0.03,0.0,0.03,0.03,0.01,100.0,100.0,100.0,100.0,0.0,0.0,33.33,300.0,100.0,83.0
utm_source,12M_cohort,True,remember,,1,0.0,0.21,0.0,0.28,,0.0,100.0,0.0,0.0,0.0,100.0,0.0,0.0,2100.0,,
utm_source,12M_cohort,True,overtake,,1,0.0,0.02,0.0,,,,0.0,0.0,0.0,0.0,100.0,0.0,0.0,200.0,,
utm_source,12M_cohort,True,officener,,1,0.0,0.0,0.0,0.0,0.0,0.0,100.0,100.0,100.0,100.0,0.0,0.0,,0.0,0.0,58.0
utm_source,12M_cohort,True,lee_byung_se,,1,0.0,0.16,0.0,0.15,,,0.0,0.0,0.0,0.0,100.0,0.0,0.0,1600.0,,
utm_source,12M_cohort,True,gmoney,,1,0.0,0.01,0.0,0.01,0.01,0.0,100.0,100.0,100.0,100.0,0.0,0.0,0.0,100.0,0.0,97.0
utm_source,12M_cohort,True,gmarketbiz,,1,0.0,0.0,0.0,0.0,0.0,0.0,100.0,0.0,100.0,100.0,0.0,0.0,,0.0,0.0,65.0
utm_source,12M_cohort,True,display,,1,0.0,0.0,0.0,0.0,0.0,0.0,100.0,100.0,100.0,100.0,0.0,0.0,,0.0,0.0,66.0
utm_source,12M_cohort,True,cookiesoven,,1,0.0,0.08,0.0,,,,0.0,0.0,0.0,0.0,100.0,0.0,0.0,800.0,,
utm_source,12M_cohort,True,cfr_share,,1,0.0,0.19,0.0,,,0.0,0.0,0.0,0.0,0.0,100.0,0.0,0.0,1900.0,,
utm_source,12M_cohort,True,capa,,1,0.0,0.0,0.0,,,0.0,0.0,0.0,0.0,0.0,100.0,0.0,,0.0,,
utm_source,12M_cohort,True,bznav,,1,0.0,0.04,0.0,0.04,0.04,0.01,100.0,100.0,100.0,100.0,0.0,0.0,25.0,400.0,100.0,50.0
utm_source,12M_cohort,True,buzzvil,,1,0.0,0.0,0.0,0.0,0.0,0.0,100.0,100.0,100.0,100.0,0.0,0.0,,0.0,0.0,56.0
utm_source,12M_cohort,True,adison.offerwall,,1,0.0,0.02,0.0,0.0,,,100.0,0.0,0.0,0.0,0.0,100.0,0.0,200.0,,
utm_source,12M_cohort,True,acuonsb,,1,0.0,0.0,0.0,0.0,0.0,0.0,100.0,100.0,100.0,100.0,0.0,0.0,,0.0,0.0,91.0
utm_source,3M_recent,False,alrimtalk_manual,,1760,14.8,77.54,15.4,29.99,3.61,1.31,78.8,17.3,12.7,12.7,27.2,60.1,1.69,440.6,58.7,47.0
utm_source,3M_recent,False,alrimtalk,,1389,11.7,60.0,11.9,25.34,10.48,3.67,84.0,41.5,34.8,34.8,23.3,41.9,6.12,432.0,76.0,55.8
utm_source,3M_recent,False,toss.join,,1114,9.4,43.68,8.7,17.65,5.49,1.97,84.5,37.7,29.2,29.3,21.1,49.6,4.51,392.1,60.6,53.5
utm_source,3M_recent,False,facebook.business,,953,8.0,27.43,5.4,12.63,6.02,2.11,88.4,49.9,41.2,41.2,18.8,40.0,7.69,287.8,53.7,52.0
utm_source,3M_recent,False,kakao,,716,6.0,24.48,4.9,10.31,0.37,0.14,80.6,4.9,4.1,4.1,20.5,75.4,0.57,341.9,48.3,27.2
utm_source,3M_recent,False,kbcardlms,,619,5.2,32.6,6.5,9.87,3.53,1.28,74.5,28.4,23.7,23.7,31.7,44.6,3.93,526.7,87.1,53.2
utm_source,3M_recent,False,google.adwords,,618,5.2,19.13,3.8,7.65,2.09,0.75,81.4,31.1,25.2,25.2,24.3,50.5,3.92,309.5,48.1,54.2
utm_source,3M_recent,False,naver.searchad,,471,4.0,23.08,4.6,8.93,1.89,0.67,76.4,31.8,25.7,25.7,31.0,43.3,2.9,490.0,55.4,53.6
utm_source,3M_recent,False,okpos,,413,3.5,23.7,4.7,7.88,1.9,0.66,72.6,30.3,24.7,24.9,32.9,42.1,2.78,573.8,64.7,53.1
utm_source,3M_recent,False,kakaobank,,386,3.2,15.43,3.1,6.12,1.84,0.65,81.3,32.9,26.2,26.2,24.9,49.0,4.21,399.7,64.4,54.9
utm_source,3M_recent,False,shinhancardlms,,378,3.2,12.2,2.4,5.91,0.16,0.06,85.7,3.4,2.9,2.9,17.2,79.9,0.49,322.8,54.5,21.5
utm_source,3M_recent,False,kakaobrandmsg,,356,3.0,13.06,2.6,5.25,1.81,0.63,86.5,62.1,52.0,52.0,25.3,22.8,4.82,366.9,34.1,54.7
utm_source,3M_recent,False,sms,,351,3.0,29.32,5.8,10.21,1.16,0.4,76.6,17.9,15.7,15.7,27.4,57.0,1.36,835.3,72.7,51.9
utm_source,3M_recent,False,kakaopay,,345,2.9,17.31,3.4,6.04,2.95,0.94,81.2,47.2,39.1,39.1,28.1,32.8,5.43,501.7,69.6,54.3
utm_source,3M_recent,False,kakaochannel,,272,2.3,9.48,1.9,4.19,1.12,0.42,85.3,32.0,26.5,26.5,20.2,53.3,4.43,348.5,58.3,53.9
utm_source,3M_recent,False,referer,,256,2.2,12.23,2.4,6.63,2.15,0.6,76.6,33.6,27.3,27.3,27.0,45.7,4.91,477.7,85.7,56.7
utm_source,3M_recent,False,bznav_app,,170,1.4,4.89,1.0,2.65,0.8,0.29,87.6,36.5,28.2,28.2,17.1,54.7,5.93,287.6,60.4,49.8
utm_source,3M_recent,False,hanacardlms,,166,1.4,10.65,2.1,3.02,0.74,0.27,75.9,28.9,25.9,25.9,31.9,42.2,2.54,641.6,62.8,56.0
utm_source,3M_recent,False,cashnote,,165,1.4,6.31,1.3,2.21,0.55,0.2,76.4,29.7,22.4,22.4,27.9,49.7,3.17,382.4,54.1,57.1
utm_source,3M_recent,False,zeropay,,146,1.2,5.71,1.1,2.1,0.42,0.15,75.3,19.2,15.8,15.8,31.5,52.7,2.63,391.1,65.2,53.2
utm_source,3M_recent,False,alrimtalk.toss.join,,139,1.2,5.69,1.1,1.94,0.64,0.23,90.6,36.7,29.5,29.5,13.7,56.8,4.04,409.4,56.1,51.9
utm_source,3M_recent,False,zaritalk,,121,1.0,1.12,0.2,0.62,0.23,0.08,95.0,38.0,25.6,25.6,9.1,65.3,7.14,92.6,25.8,49.7
utm_source,3M_recent,False,baeminmartlms,,118,1.0,3.79,0.8,1.46,0.44,0.16,84.7,42.4,32.2,32.2,24.6,43.2,4.22,321.2,42.1,56.1
utm_source,3M_recent,False,hyundaicard,,82,0.7,2.56,0.5,0.74,0.31,0.11,76.8,32.9,28.0,28.0,29.3,42.7,4.3,312.2,47.8,53.3
utm_source,3M_recent,False,refund_pincrux,,77,0.6,3.96,0.8,0.79,0.45,0.16,70.1,32.5,23.4,23.4,36.4,40.3,4.04,514.3,88.9,44.9
utm_source,3M_recent,False,partner,,47,0.4,4.87,1.0,3.78,0.32,0.09,93.6,40.4,27.7,27.7,14.9,57.4,1.85,1036.2,69.2,50.6
utm_source,3M_recent,False,smartbill,,46,0.4,2.2,0.4,0.4,0.05,0.02,37.0,13.0,13.0,13.0,54.3,32.6,0.91,478.3,33.3,56.3
utm_source,3M_recent,False,share,,33,0.3,1.5,0.3,0.4,0.1,0.03,75.8,36.4,36.4,36.4,33.3,30.3,2.0,454.5,25.0,48.1
utm_source,3M_recent,False,buzzvil,,21,0.2,0.18,0.0,0.16,0.1,0.04,100.0,42.9,33.3,33.3,0.0,66.7,22.22,85.7,57.1,42.7
utm_source,3M_recent,False,bznav.homepage,,16,0.1,0.96,0.2,0.51,0.38,0.13,87.5,43.8,50.0,50.0,12.5,37.5,13.54,600.0,162.5,56.1
utm_source,3M_recent,False,channeltalk,,15,0.1,0.9,0.2,0.29,0.02,0.01,80.0,26.7,26.7,26.7,20.0,53.3,1.11,600.0,25.0,51.8
utm_source,3M_recent,False,yogiyo,,14,0.1,0.67,0.1,0.42,,,92.9,0.0,0.0,0.0,7.1,92.9,0.0,478.6,,
utm_source,3M_recent,False,docple,,13,0.1,2.13,0.4,1.67,0.29,0.11,84.6,15.4,15.4,15.4,23.1,61.5,5.16,1638.5,550.0,26.5
utm_source,3M_recent,False,pass,,10,0.1,0.34,0.1,0.08,0.01,0.0,80.0,20.0,20.0,20.0,20.0,60.0,0.0,340.0,0.0,49.0
utm_source,3M_recent,False,tiktok,,9,0.1,0.52,0.1,0.08,0.07,0.03,77.8,55.6,44.4,44.4,33.3,22.2,5.77,577.8,75.0,68.0
utm_source,3M_recent,False,barogo,,9,0.1,0.14,0.0,0.08,,,100.0,0.0,0.0,0.0,0.0,100.0,0.0,155.6,,
utm_source,3M_recent,False,imbank,,8,0.1,0.06,0.0,0.06,,,100.0,0.0,0.0,0.0,12.5,87.5,0.0,75.0,,
utm_source,3M_recent,False,hpointlms,,7,0.1,1.01,0.2,0.17,0.17,0.06,57.1,57.1,42.9,42.9,42.9,14.3,5.94,1442.9,200.0,62.3
utm_source,3M_recent,False,banksalad,,7,0.1,0.07,0.0,0.04,0.02,0.01,71.4,57.1,42.9,42.9,28.6,28.6,14.29,100.0,33.3,52.3
utm_source,3M_recent,False,baropharm,,6,0.1,0.29,0.1,0.03,,,33.3,0.0,0.0,0.0,83.3,16.7,0.0,483.3,,
utm_source,3M_recent,False,paybooc,,5,0.0,0.05,0.0,0.06,,,100.0,0.0,0.0,0.0,0.0,100.0,0.0,100.0,,
utm_source,3M_recent,False,naver_smartplace,,5,0.0,0.27,0.1,0.05,0.01,0.0,80.0,20.0,20.0,20.0,20.0,60.0,0.0,540.0,0.0,61.0
utm_source,3M_recent,False,helpcenter,,5,0.0,0.22,0.0,0.06,0.01,0.0,40.0,20.0,40.0,40.0,40.0,20.0,0.0,440.0,0.0,51.0
utm_source,3M_recent,False,care_service,,4,0.0,0.04,0.0,0.03,,,100.0,0.0,0.0,0.0,0.0,100.0,0.0,100.0,,
utm_source,3M_recent,False,email,,3,0.0,0.14,0.0,,,0.0,0.0,0.0,0.0,0.0,66.7,33.3,0.0,466.7,,
utm_source,3M_recent,False,youtube,,2,0.0,0.04,0.0,0.04,0.0,0.0,100.0,50.0,50.0,50.0,50.0,0.0,0.0,200.0,0.0,47.0
utm_source,3M_recent,False,naver.performance_da,,2,0.0,0.08,0.0,0.0,0.0,0.0,50.0,50.0,50.0,50.0,50.0,0.0,0.0,400.0,0.0,50.0
utm_source,3M_recent,False,bznav_lms,,2,0.0,0.43,0.1,0.22,0.15,0.06,100.0,50.0,50.0,50.0,0.0,50.0,13.95,2150.0,600.0,43.0
utm_source,3M_recent,False,adison.offerwall,,2,0.0,0.05,0.0,0.03,,,100.0,0.0,0.0,0.0,0.0,100.0,0.0,250.0,,
utm_source,3M_recent,False,tnk,,1,0.0,0.01,0.0,0.01,0.01,0.0,100.0,100.0,0.0,0.0,0.0,100.0,0.0,100.0,,
utm_source,3M_recent,False,kbcardevent,,1,0.0,0.09,0.0,0.05,,,100.0,0.0,0.0,0.0,0.0,100.0,0.0,900.0,,
utm_source,3M_recent,False,instagram,,1,0.0,0.0,0.0,0.0,0.0,0.0,100.0,100.0,100.0,100.0,0.0,0.0,,0.0,0.0,66.0
utm_source,3M_recent,False,dabangpro,,1,0.0,0.01,0.0,0.01,,,100.0,0.0,0.0,0.0,0.0,100.0,0.0,100.0,,
utm_source,3M_recent,False,cfr_share,,1,0.0,0.04,0.0,0.03,,,100.0,0.0,0.0,0.0,0.0,100.0,0.0,400.0,,
utm_source,3M_recent,False,cafe_naver,,1,0.0,0.15,0.0,0.11,,,100.0,0.0,0.0,0.0,0.0,100.0,0.0,1500.0,,
utm_source,3M_recent,False,bznav,,1,0.0,0.55,0.1,0.17,,,100.0,0.0,0.0,0.0,0.0,100.0,0.0,5500.0,,
utm_source,3M_recent,False,apti,,1,0.0,0.03,0.0,0.03,,,100.0,0.0,0.0,0.0,0.0,100.0,0.0,300.0,,
utm_source,3M_recent,False,(none),,1,0.0,0.0,0.0,0.0,0.0,0.0,100.0,0.0,100.0,0.0,0.0,100.0,,0.0,0.0,-933.0
utm_source,1M_recent,False,alrimtalk_manual,,772,19.5,32.64,20.9,14.65,0.5,0.18,76.7,1.3,1.2,1.2,25.5,73.3,0.55,422.8,200.0,18.7
utm_source,1M_recent,False,kakao,,560,14.2,18.8,12.0,7.25,0.05,0.02,79.1,2.0,1.6,1.6,20.4,78.0,0.11,335.7,22.2,14.6
utm_source,1M_recent,False,alrimtalk,,358,9.1,14.08,9.0,6.44,0.05,0.02,84.9,1.1,0.8,0.8,16.2,83.0,0.14,393.3,66.7,8.3
utm_source,1M_recent,False,shinhancardlms,,273,6.9,6.89,4.4,3.27,0.08,0.03,85.3,2.2,2.2,2.2,16.5,81.3,0.44,252.4,50.0,14.3
utm_source,1M_recent,False,kbcardlms,,262,6.6,12.51,8.0,3.86,0.01,0.0,75.2,0.4,0.4,0.4,26.7,72.9,0.0,477.5,0.0,8.0
utm_source,1M_recent,False,toss.join,,243,6.1,11.88,7.6,4.26,0.02,0.01,82.3,0.8,0.8,0.8,19.8,79.4,0.08,488.9,50.0,18.5
utm_source,1M_recent,False,google.adwords,,200,5.1,5.83,3.7,2.27,0.02,0.01,73.0,1.5,1.0,1.0,26.0,73.0,0.17,291.5,50.0,19.5
utm_source,1M_recent,False,sms,,168,4.2,13.03,8.3,6.16,0.06,0.02,78.0,2.4,1.8,1.8,23.2,75.0,0.15,775.6,66.7,20.7
utm_source,1M_recent,False,facebook.business,,159,4.0,5.62,3.6,2.08,0.09,0.03,84.3,1.9,1.9,1.9,17.0,81.1,0.53,353.5,100.0,12.3
utm_source,1M_recent,False,naver.searchad,,144,3.6,6.37,4.1,2.77,0.0,0.0,72.9,0.7,0.7,0.7,29.2,70.1,0.0,442.4,0.0,10.0
utm_source,1M_recent,False,kakaochannel,,100,2.5,3.0,1.9,1.06,0.01,0.0,84.0,2.0,2.0,2.0,19.0,79.0,0.0,300.0,0.0,14.5
utm_source,1M_recent,False,okpos,,99,2.5,3.72,2.4,2.16,0.0,0.0,76.8,1.0,0.0,0.0,24.2,75.8,0.0,375.8,,
utm_source,1M_recent,False,kakaobank,,82,2.1,2.21,1.4,0.99,0.0,0.0,85.4,1.2,1.2,1.2,19.5,79.3,0.0,269.5,0.0,15.0
utm_source,1M_recent,False,referer,,69,1.7,3.03,1.9,1.9,0.02,0.01,65.2,2.9,2.9,2.9,27.5,69.6,0.33,439.1,50.0,19.5
utm_source,1M_recent,False,zeropay,,67,1.7,2.6,1.7,0.78,0.0,0.0,70.1,1.5,1.5,1.5,35.8,62.7,0.0,388.1,0.0,15.0
utm_source,1M_recent,False,bznav_app,,52,1.3,1.57,1.0,0.81,,0.0,86.5,0.0,0.0,0.0,13.5,86.5,0.0,301.9,,
utm_source,1M_recent,False,alrimtalk.toss.join,,50,1.3,0.71,0.5,0.46,0.0,0.0,92.0,2.0,2.0,2.0,14.0,84.0,0.0,142.0,0.0,13.0
utm_source,1M_recent,False,cashnote,,42,1.1,1.52,1.0,0.59,,0.0,61.9,0.0,0.0,0.0,33.3,66.7,0.0,361.9,,
utm_source,1M_recent,False,hanacardlms,,38,1.0,2.94,1.9,0.79,,,73.7,0.0,0.0,0.0,31.6,68.4,0.0,773.7,,
utm_source,1M_recent,False,kakaopay,,34,0.9,0.94,0.6,0.55,0.0,0.0,82.4,2.9,2.9,2.9,17.6,79.4,0.0,276.5,0.0,12.0
utm_source,1M_recent,False,baeminmartlms,,22,0.6,0.55,0.4,0.19,,0.0,86.4,0.0,0.0,0.0,13.6,86.4,0.0,250.0,,
utm_source,1M_recent,False,smartbill,,20,0.5,0.83,0.5,0.2,,0.0,25.0,0.0,0.0,0.0,55.0,45.0,0.0,415.0,,
utm_source,1M_recent,False,refund_pincrux,,16,0.4,0.52,0.3,0.15,0.0,0.0,56.2,6.2,6.2,6.2,50.0,43.8,0.0,325.0,0.0,14.0
utm_source,1M_recent,False,hyundaicard,,16,0.4,0.38,0.2,0.22,,,87.5,0.0,0.0,0.0,12.5,87.5,0.0,237.5,,
utm_source,1M_recent,False,yogiyo,,14,0.4,0.67,0.4,0.42,,,92.9,0.0,0.0,0.0,7.1,92.9,0.0,478.6,,
utm_source,1M_recent,False,barogo,,9,0.2,0.14,0.1,0.08,,,100.0,0.0,0.0,0.0,0.0,100.0,0.0,155.6,,
utm_source,1M_recent,False,zaritalk,,8,0.2,0.06,0.0,0.04,,0.0,87.5,0.0,0.0,0.0,12.5,87.5,0.0,75.0,,
utm_source,1M_recent,False,share,,8,0.2,0.27,0.2,0.17,,0.0,62.5,0.0,0.0,0.0,37.5,62.5,0.0,337.5,,
utm_source,1M_recent,False,pass,,8,0.2,0.33,0.2,0.06,,,75.0,0.0,0.0,0.0,25.0,75.0,0.0,412.5,,
utm_source,1M_recent,False,partner,,8,0.2,0.28,0.2,1.53,,,100.0,0.0,0.0,0.0,0.0,100.0,0.0,350.0,,
utm_source,1M_recent,False,channeltalk,,8,0.2,0.68,0.4,0.2,0.0,0.0,87.5,12.5,12.5,12.5,12.5,75.0,0.0,850.0,0.0,13.0
utm_source,1M_recent,False,buzzvil,,8,0.2,0.05,0.0,0.04,,,100.0,0.0,0.0,0.0,0.0,100.0,0.0,62.5,,
utm_source,1M_recent,False,baropharm,,6,0.2,0.29,0.2,0.03,,,33.3,0.0,0.0,0.0,83.3,16.7,0.0,483.3,,
utm_source,1M_recent,False,paybooc,,5,0.1,0.05,0.0,0.06,,,100.0,0.0,0.0,0.0,0.0,100.0,0.0,100.0,,
utm_source,1M_recent,False,bznav.homepage,,5,0.1,0.11,0.1,0.09,,0.0,60.0,0.0,0.0,0.0,40.0,60.0,0.0,220.0,,
utm_source,1M_recent,False,imbank,,4,0.1,0.03,0.0,0.02,,,100.0,0.0,0.0,0.0,25.0,75.0,0.0,75.0,,
utm_source,1M_recent,False,docple,,3,0.1,0.31,0.2,0.21,,,100.0,0.0,0.0,0.0,0.0,100.0,0.0,1033.3,,
utm_source,1M_recent,False,kakaobrandmsg,,2,0.1,0.02,0.0,0.02,,,100.0,0.0,0.0,0.0,0.0,100.0,0.0,100.0,,
utm_source,1M_recent,False,helpcenter,,2,0.1,0.06,0.0,0.05,,0.0,0.0,0.0,0.0,0.0,50.0,50.0,0.0,300.0,,
utm_source,1M_recent,False,care_service,,2,0.1,0.02,0.0,0.02,,,100.0,0.0,0.0,0.0,0.0,100.0,0.0,100.0,,
utm_source,1M_recent,False,adison.offerwall,,2,0.1,0.05,0.0,0.03,,,100.0,0.0,0.0,0.0,0.0,100.0,0.0,250.0,,
utm_source,1M_recent,False,naver_smartplace,,1,0.0,0.1,0.1,0.03,,,100.0,0.0,0.0,0.0,0.0,100.0,0.0,1000.0,,
utm_source,1M_recent,False,kbcardevent,,1,0.0,0.09,0.1,0.05,,,100.0,0.0,0.0,0.0,0.0,100.0,0.0,900.0,,
utm_source,1M_recent,False,email,,1,0.0,0.02,0.0,,,0.0,0.0,0.0,0.0,0.0,0.0,100.0,0.0,200.0,,
utm_source,1M_recent,False,dabangpro,,1,0.0,0.01,0.0,0.01,,,100.0,0.0,0.0,0.0,0.0,100.0,0.0,100.0,,
utm_source,1M_recent,False,cafe_naver,,1,0.0,0.15,0.1,0.11,,,100.0,0.0,0.0,0.0,0.0,100.0,0.0,1500.0,,
utm_source,1M_recent,False,bznav_lms,,1,0.0,0.27,0.2,0.07,,,100.0,0.0,0.0,0.0,0.0,100.0,0.0,2700.0,,
utm_source,1M_recent,False,apti,,1,0.0,0.03,0.0,0.03,,,100.0,0.0,0.0,0.0,0.0,100.0,0.0,300.0,,
utm_medium,12M_cohort,True,,partner,18246,35.8,493.61,31.0,250.75,202.78,71.06,91.4,82.0,72.1,72.5,17.8,9.8,14.4,270.5,54.0,80.5
utm_medium,12M_cohort,True,,crm,12237,24.0,354.85,22.3,180.3,142.24,49.76,89.5,78.9,73.2,73.6,20.3,6.1,14.02,290.0,55.5,84.8
utm_medium,12M_cohort,True,,paid_display,6206,12.2,173.56,10.9,73.66,58.41,20.5,87.3,76.6,68.7,69.3,22.4,8.3,11.81,279.7,48.1,86.3
utm_medium,12M_cohort,True,,paid_msg,6123,12.0,199.84,12.6,82.74,64.47,22.96,85.4,75.6,70.5,70.8,23.7,5.5,11.49,326.4,53.2,78.2
utm_medium,12M_cohort,True,,(none),3161,6.2,122.68,7.7,55.79,43.38,15.11,85.4,74.4,69.3,69.9,24.4,5.7,12.32,388.1,69.0,82.1
utm_medium,12M_cohort,True,,sms,1455,2.9,107.18,6.7,43.78,33.01,11.53,84.1,73.3,67.1,68.0,26.0,6.0,10.76,736.6,118.1,87.3
utm_medium,12M_cohort,True,,paid_search,1084,2.1,46.92,2.9,22.27,16.0,5.47,80.8,66.8,67.7,68.4,27.5,4.2,11.66,432.8,74.5,81.1
utm_medium,12M_cohort,True,,ig,731,1.4,22.05,1.4,8.32,6.57,2.31,88.0,76.6,73.1,72.9,22.6,4.5,10.48,301.6,43.3,83.8
utm_medium,12M_cohort,True,,affillates,722,1.4,25.19,1.6,12.21,8.46,2.96,87.8,79.5,71.7,72.2,19.9,7.9,11.75,348.9,57.1,84.4
utm_medium,12M_cohort,True,,organic,568,1.1,26.84,1.7,11.31,8.83,2.94,82.7,68.5,68.3,68.8,25.7,5.5,10.95,472.5,75.8,81.2
utm_medium,12M_cohort,True,,sena,147,0.3,5.97,0.4,2.86,2.53,0.91,87.8,74.1,72.1,72.1,25.9,2.0,15.24,406.1,85.8,85.5
utm_medium,12M_cohort,True,,fb,93,0.2,3.2,0.2,1.4,1.1,0.4,83.9,77.4,67.7,67.7,22.6,9.7,12.5,344.1,63.5,95.9
utm_medium,12M_cohort,True,,youtuber,51,0.1,2.43,0.2,1.21,1.02,0.31,74.5,64.7,66.7,66.7,33.3,0.0,12.76,476.5,91.2,83.1
utm_medium,12M_cohort,True,,email,38,0.1,2.35,0.1,0.55,0.52,0.13,65.8,34.2,52.6,55.3,44.7,0.0,5.53,618.4,65.0,94.3
utm_medium,12M_cohort,True,,sales,19,0.0,0.79,0.0,0.59,0.26,0.09,78.9,57.9,63.2,63.2,31.6,5.3,11.39,415.8,75.0,66.2
utm_medium,12M_cohort,True,,refund_operation,13,0.0,1.0,0.1,0.6,0.6,0.15,92.3,92.3,76.9,76.9,7.7,15.4,15.0,769.2,150.0,80.4
utm_medium,12M_cohort,True,,{{site_source_name}},11,0.0,0.15,0.0,0.13,0.11,0.04,90.9,81.8,54.5,54.5,18.2,27.3,26.67,136.4,66.7,96.7
utm_medium,12M_cohort,True,,ownedmedia,9,0.0,0.53,0.0,0.41,0.37,0.13,88.9,77.8,77.8,77.8,22.2,0.0,24.53,588.9,185.7,88.0
utm_medium,12M_cohort,True,,zsoo_accounting_firm,7,0.0,0.51,0.0,0.49,0.39,0.11,85.7,71.4,57.1,57.1,28.6,14.3,21.57,728.6,275.0,90.8
utm_medium,12M_cohort,True,,paid_cpa,7,0.0,0.31,0.0,0.05,0.01,0.0,42.9,14.3,14.3,14.3,71.4,14.3,0.0,442.9,0.0,291.0
utm_medium,12M_cohort,True,,care_organic,7,0.0,0.1,0.0,0.08,0.04,0.01,100.0,71.4,71.4,71.4,28.6,0.0,10.0,142.9,20.0,64.2
utm_medium,12M_cohort,True,,downbanner,4,0.0,0.19,0.0,0.07,0.03,0.01,50.0,25.0,25.0,25.0,75.0,0.0,5.26,475.0,100.0,63.0
utm_medium,12M_cohort,True,,blog,4,0.0,0.01,0.0,0.01,0.01,0.0,75.0,100.0,100.0,100.0,0.0,0.0,0.0,25.0,0.0,146.0
utm_medium,12M_cohort,True,,paid_display_jig,3,0.0,0.05,0.0,0.01,0.0,0.0,66.7,33.3,0.0,0.0,66.7,33.3,0.0,166.7,,
utm_medium,12M_cohort,True,,naver,2,0.0,0.11,0.0,0.04,0.04,0.01,100.0,100.0,50.0,50.0,0.0,50.0,9.09,550.0,100.0,70.0
utm_medium,12M_cohort,True,,v3,1,0.0,0.0,0.0,0.0,0.0,0.0,100.0,100.0,100.0,100.0,0.0,0.0,,0.0,0.0,66.0
utm_medium,12M_cohort,True,,th,1,0.0,0.01,0.0,0.0,,,100.0,0.0,0.0,0.0,100.0,0.0,0.0,100.0,,
utm_medium,12M_cohort,True,,share_btn_click,1,0.0,0.19,0.0,,,0.0,0.0,0.0,0.0,0.0,100.0,0.0,0.0,1900.0,,
utm_medium,12M_cohort,True,,nationwide_sales_firm,1,0.0,0.07,0.0,,,,0.0,0.0,0.0,0.0,100.0,0.0,0.0,700.0,,
utm_medium,12M_cohort,True,,google,1,0.0,0.03,0.0,0.0,0.0,0.0,100.0,100.0,100.0,100.0,0.0,0.0,0.0,300.0,0.0,85.0
utm_medium,12M_cohort,True,,bznav_main_banner,1,0.0,0.04,0.0,0.04,0.04,0.01,100.0,100.0,100.0,100.0,0.0,0.0,25.0,400.0,100.0,50.0
utm_medium,12M_cohort,True,,afillates,1,0.0,0.01,0.0,0.01,0.01,0.0,100.0,100.0,0.0,0.0,0.0,100.0,0.0,100.0,,
utm_medium,12M_cohort,True,,(none),1,0.0,0.01,0.0,0.0,0.0,0.0,100.0,100.0,100.0,100.0,0.0,0.0,0.0,100.0,0.0,104.0
utm_medium,3M_recent,False,,crm,3554,29.9,154.4,30.7,61.97,16.1,5.69,81.9,30.7,24.8,24.8,25.0,50.2,3.69,434.4,64.6,53.0
utm_medium,3M_recent,False,,paid_display,2236,18.8,88.29,17.5,34.21,6.44,2.28,79.8,22.9,18.2,18.3,24.5,57.2,2.58,394.9,55.9,52.3
utm_medium,3M_recent,False,,paid_msg,1811,15.2,83.25,16.5,28.55,8.8,3.07,78.4,29.6,24.7,24.7,27.9,47.4,3.69,459.7,68.7,54.2
utm_medium,3M_recent,False,,partner,1530,12.9,55.09,10.9,22.01,6.5,2.33,84.1,34.5,26.7,26.7,21.4,51.8,4.23,360.1,57.1,53.2
utm_medium,3M_recent,False,,(none),648,5.5,25.29,5.0,13.15,4.06,1.31,82.9,35.8,29.2,29.0,21.8,49.2,5.18,390.3,69.3,48.9
utm_medium,3M_recent,False,,ig,584,4.9,16.07,3.2,7.45,4.24,1.48,89.0,64.7,53.9,53.9,19.0,27.1,9.21,275.2,47.0,52.6
utm_medium,3M_recent,False,,paid_search,511,4.3,25.05,5.0,9.55,2.22,0.79,75.0,31.3,25.6,25.6,31.9,42.5,3.15,490.2,60.3,53.4
utm_medium,3M_recent,False,,sms,349,2.9,28.81,5.7,10.04,1.16,0.4,76.5,18.1,15.8,15.8,27.5,56.7,1.39,825.5,72.7,51.9
utm_medium,3M_recent,False,,organic,109,0.9,4.03,0.8,1.35,0.49,0.17,78.0,19.3,21.1,21.1,24.8,54.1,4.22,369.7,73.9,49.4
utm_medium,3M_recent,False,,{meta_manual_target_260324},105,0.9,3.84,0.8,1.6,0.09,0.03,85.7,2.9,2.9,2.9,19.0,78.1,0.78,365.7,100.0,12.3
utm_medium,3M_recent,False,,paid_cpa,101,0.9,4.19,0.8,1.0,0.56,0.2,77.2,34.7,24.8,24.8,27.7,47.5,4.77,414.9,80.0,44.3
utm_medium,3M_recent,False,,{meta_asc_lookup_260303},78,0.7,1.93,0.4,0.91,0.15,0.05,91.0,14.1,10.3,10.3,15.4,74.4,2.59,247.4,62.5,37.5
utm_medium,3M_recent,False,,fb,62,0.5,2.15,0.4,0.93,0.73,0.27,85.5,67.7,58.1,58.1,21.0,21.0,12.56,346.8,75.0,51.9
utm_medium,3M_recent,False,,{{site_source_name}},53,0.4,1.82,0.4,0.84,0.68,0.22,86.8,62.3,45.3,45.3,24.5,30.2,12.09,343.4,91.7,55.7
utm_medium,3M_recent,False,,affillates,47,0.4,4.87,1.0,3.78,0.32,0.09,93.6,40.4,27.7,27.7,14.9,57.4,1.85,1036.2,69.2,50.6
utm_medium,3M_recent,False,,{meta_asc_completeregistration_251208},46,0.4,1.09,0.2,0.6,0.06,0.02,84.8,4.3,4.3,4.3,17.4,78.3,1.83,237.0,100.0,12.5
utm_medium,3M_recent,False,,refund_operation,19,0.2,1.84,0.4,0.69,0.17,0.06,84.2,26.3,26.3,26.3,15.8,57.9,3.26,968.4,120.0,50.0
utm_medium,3M_recent,False,,{{{adset.name}}},9,0.1,0.18,0.0,0.08,,0.0,88.9,0.0,0.0,0.0,11.1,88.9,0.0,200.0,,
utm_medium,3M_recent,False,,{meta_jhy.lookup_260304},8,0.1,0.24,0.0,0.16,0.02,0.01,100.0,12.5,0.0,0.0,0.0,100.0,4.17,300.0,,
utm_medium,3M_recent,False,,th,7,0.1,0.1,0.0,0.06,0.06,0.02,85.7,85.7,71.4,71.4,14.3,14.3,20.0,142.9,40.0,59.4
utm_medium,3M_recent,False,,ownedmedia,5,0.0,0.07,0.0,0.05,0.02,0.01,100.0,80.0,60.0,60.0,20.0,20.0,14.29,140.0,33.3,52.7
utm_medium,3M_recent,False,,kakao_talk,3,0.0,0.07,0.0,0.06,0.02,0.01,100.0,33.3,33.3,33.3,66.7,0.0,14.29,233.3,100.0,50.0
utm_medium,3M_recent,False,,email,3,0.0,0.14,0.0,,,0.0,0.0,0.0,0.0,0.0,66.7,33.3,0.0,466.7,,
utm_medium,3M_recent,False,,{meta_manual_target_260210},1,0.0,0.01,0.0,0.01,,,100.0,0.0,0.0,0.0,0.0,100.0,0.0,100.0,,
utm_medium,3M_recent,False,,share_btn_click,1,0.0,0.04,0.0,0.03,,,100.0,0.0,0.0,0.0,0.0,100.0,0.0,400.0,,
utm_medium,3M_recent,False,,recommend_link,1,0.0,0.55,0.1,0.17,,,100.0,0.0,0.0,0.0,0.0,100.0,0.0,5500.0,,
utm_medium,1M_recent,False,,crm,1182,29.9,47.45,30.4,21.57,0.55,0.2,79.9,1.3,1.1,1.1,22.2,76.7,0.42,401.4,153.8,15.8
utm_medium,1M_recent,False,,paid_display,957,24.2,31.07,19.9,13.24,0.08,0.03,78.7,1.7,1.3,1.3,21.3,77.4,0.1,324.7,25.0,15.4
utm_medium,1M_recent,False,,paid_msg,663,16.8,25.37,16.2,9.07,0.09,0.03,78.1,1.2,1.2,1.2,23.1,75.7,0.12,382.7,37.5,13.3
utm_medium,1M_recent,False,,partner,384,9.7,16.64,10.7,6.07,0.02,0.01,81.0,0.8,0.8,0.8,21.9,77.3,0.06,433.3,33.3,17.3
utm_medium,1M_recent,False,,(none),172,4.3,6.32,4.0,3.46,0.03,0.01,78.5,1.7,1.7,1.7,19.2,79.1,0.16,367.4,33.3,19.7
utm_medium,1M_recent,False,,sms,168,4.2,13.03,8.3,6.16,0.06,0.02,78.0,2.4,1.8,1.8,23.2,75.0,0.15,775.6,66.7,20.7
utm_medium,1M_recent,False,,paid_search,158,4.0,7.08,4.5,2.88,0.0,0.0,68.4,0.6,0.6,0.6,32.9,66.5,0.0,448.1,0.0,10.0
utm_medium,1M_recent,False,,{meta_manual_target_260324},105,2.7,3.84,2.5,1.6,0.09,0.03,85.7,2.9,2.9,2.9,19.0,78.1,0.78,365.7,100.0,12.3
utm_medium,1M_recent,False,,organic,68,1.7,1.77,1.1,0.67,0.0,0.0,73.5,1.5,1.5,1.5,26.5,72.1,0.0,260.3,0.0,9.0
utm_medium,1M_recent,False,,ig,35,0.9,1.4,0.9,0.31,,0.0,80.0,0.0,0.0,0.0,11.4,88.6,0.0,400.0,,
utm_medium,1M_recent,False,,paid_cpa,26,0.7,0.61,0.4,0.23,0.0,0.0,73.1,3.8,3.8,3.8,30.8,65.4,0.0,234.6,0.0,14.0
utm_medium,1M_recent,False,,{meta_asc_completeregistration_251208},10,0.3,0.16,0.1,0.08,,,90.0,0.0,0.0,0.0,10.0,90.0,0.0,160.0,,
utm_medium,1M_recent,False,,refund_operation,9,0.2,0.95,0.6,0.28,0.0,0.0,88.9,11.1,11.1,11.1,11.1,77.8,0.0,1055.6,0.0,13.0
utm_medium,1M_recent,False,,affillates,8,0.2,0.28,0.2,1.53,,,100.0,0.0,0.0,0.0,0.0,100.0,0.0,350.0,,
utm_medium,1M_recent,False,,{{{adset.name}}},5,0.1,0.15,0.1,0.06,,0.0,80.0,0.0,0.0,0.0,20.0,80.0,0.0,300.0,,
utm_medium,1M_recent,False,,{{site_source_name}},2,0.1,0.01,0.0,0.01,,,100.0,0.0,0.0,0.0,0.0,100.0,0.0,50.0,,
utm_medium,1M_recent,False,,fb,2,0.1,0.05,0.0,0.02,,0.0,50.0,0.0,0.0,0.0,50.0,50.0,0.0,250.0,,
utm_medium,1M_recent,False,,email,1,0.0,0.02,0.0,,,0.0,0.0,0.0,0.0,0.0,0.0,100.0,0.0,200.0,,
utm_source_medium,12M_cohort,True,toss.join,partner,16338,32.1,429.93,27.0,223.24,182.14,63.79,91.9,82.8,72.3,72.8,17.0,10.3,14.84,263.1,54.0,80.5
utm_source_medium,12M_cohort,True,alrimtalk,crm,11572,22.7,332.26,20.9,170.58,135.26,47.31,89.4,78.8,73.2,73.6,20.4,6.0,14.24,287.1,55.9,85.6
utm_source_medium,12M_cohort,True,kakaobank,paid_display,2681,5.3,64.21,4.0,32.32,25.78,9.02,91.8,82.1,74.9,75.5,17.2,7.4,14.05,239.5,44.9,83.4
utm_source_medium,12M_cohort,True,referer,(none),1857,3.6,82.51,5.2,36.65,28.64,9.96,84.9,73.8,68.9,69.7,24.8,5.5,12.07,444.3,77.8,82.1
utm_source_medium,12M_cohort,True,kbcardlms,paid_msg,1805,3.5,72.03,4.5,32.14,24.3,8.73,83.5,73.9,68.8,69.3,25.5,5.2,12.12,399.1,70.3,78.3
utm_source_medium,12M_cohort,True,google.adwords,paid_display,1471,2.9,45.7,2.9,16.02,13.02,4.56,81.4,70.8,62.8,63.6,27.3,9.1,9.98,310.7,49.4,87.3
utm_source_medium,12M_cohort,True,shinhancardlms,paid_msg,1470,2.9,33.47,2.1,13.44,11.53,4.16,91.2,84.1,80.1,80.1,15.4,4.5,12.43,227.7,35.3,72.5
utm_source_medium,12M_cohort,True,sms,sms,1455,2.9,107.18,6.7,43.78,33.01,11.53,84.1,73.3,67.1,68.0,26.0,6.0,10.76,736.6,118.1,87.3
utm_source_medium,12M_cohort,True,hanacardlms,paid_msg,1222,2.4,41.05,2.6,16.71,13.27,4.64,84.7,75.0,68.3,68.6,24.8,6.6,11.3,335.9,55.6,84.2
utm_source_medium,12M_cohort,True,kakaochannel,(none),1222,2.4,37.18,2.3,17.87,13.74,4.84,87.5,76.9,70.7,71.2,22.7,6.1,13.02,304.3,56.0,81.7
utm_source_medium,12M_cohort,True,naver.searchad,paid_search,1003,2.0,44.15,2.8,20.98,14.97,5.15,81.9,68.0,68.5,69.2,26.3,4.5,11.66,440.2,75.0,80.6
utm_source_medium,12M_cohort,True,facebook.business,ig,731,1.4,22.05,1.4,8.32,6.57,2.31,88.0,76.6,73.1,72.9,22.6,4.5,10.48,301.6,43.3,83.8
utm_source_medium,12M_cohort,True,partner,affillates,722,1.4,25.19,1.6,12.21,8.46,2.96,87.8,79.5,71.7,72.2,19.9,7.9,11.75,348.9,57.1,84.4
utm_source_medium,12M_cohort,True,wooricardlms,paid_msg,686,1.3,22.21,1.4,9.37,7.54,2.65,83.1,73.3,67.8,68.1,25.8,6.1,11.93,323.8,57.0,84.5
utm_source_medium,12M_cohort,True,cashnote,paid_display,676,1.3,18.84,1.2,7.27,5.83,2.04,87.1,72.6,62.3,62.9,27.4,9.8,10.83,278.7,48.5,83.9
utm_source_medium,12M_cohort,True,zeropay,partner,666,1.3,17.48,1.1,7.75,5.91,2.11,84.1,74.6,68.6,68.9,24.8,6.3,12.07,262.5,46.2,77.7
utm_source_medium,12M_cohort,True,alrimtalk.toss.join,crm,642,1.3,21.46,1.3,9.05,6.71,2.35,92.2,81.5,75.2,75.5,18.4,6.1,10.95,334.3,48.7,72.3
utm_source_medium,12M_cohort,True,okpos,paid_display,586,1.2,23.65,1.5,9.26,7.88,2.82,78.2,66.7,61.9,62.3,32.8,4.9,11.92,403.6,77.7,88.3
utm_source_medium,12M_cohort,True,tiktok,paid_display,529,1.0,11.4,0.7,5.33,3.59,1.24,93.0,83.9,73.5,73.9,16.1,10.0,10.88,215.5,31.9,100.7
utm_source_medium,12M_cohort,True,banksalad,partner,405,0.8,22.42,1.4,9.25,6.91,2.45,82.7,69.4,65.4,65.4,30.1,4.4,10.93,553.6,92.5,84.6
utm_source_medium,12M_cohort,True,bznav.homepage,organic,194,0.4,9.75,0.6,4.62,3.54,1.14,70.1,51.0,57.2,57.7,37.6,4.6,11.69,502.6,102.7,85.9
utm_source_medium,12M_cohort,True,imbank,partner,194,0.4,5.0,0.3,2.61,2.09,0.74,88.7,77.8,73.2,73.2,20.1,6.7,14.8,257.7,52.1,77.2
utm_source_medium,12M_cohort,True,kakaobrandmsg,paid_msg,189,0.4,3.66,0.2,1.14,0.8,0.29,91.5,78.3,70.9,70.9,21.2,7.9,7.92,193.7,21.6,76.2
utm_source_medium,12M_cohort,True,cashnote,paid_msg,182,0.4,11.06,0.7,3.84,2.51,0.87,70.3,53.3,50.0,50.5,45.1,4.4,7.87,607.7,95.6,84.9
utm_source_medium,12M_cohort,True,app_bznav,organic,180,0.4,9.36,0.6,3.22,2.88,1.01,91.1,78.3,76.1,76.7,18.3,5.0,10.79,520.0,73.7,79.1
utm_source_medium,12M_cohort,True,yogiyo,partner,159,0.3,4.81,0.3,1.79,1.57,0.54,88.1,76.1,69.8,71.1,22.6,6.3,11.23,302.5,48.6,89.4
utm_source_medium,12M_cohort,True,sena,sena,147,0.3,5.97,0.4,2.86,2.53,0.91,87.8,74.1,72.1,72.1,25.9,2.0,15.24,406.1,85.8,85.5
utm_source_medium,12M_cohort,True,okpos,paid_msg,132,0.3,3.21,0.2,1.49,1.1,0.39,87.1,70.5,68.2,68.2,28.8,3.0,12.15,243.2,43.3,82.0
utm_source_medium,12M_cohort,True,atlantruck,paid_msg,131,0.3,1.33,0.1,0.7,0.65,0.22,99.2,93.1,84.0,83.2,8.4,8.4,16.54,101.5,20.0,77.0
utm_source_medium,12M_cohort,True,refund_pincrux,paid_display,130,0.3,3.2,0.2,1.17,1.07,0.38,85.4,75.4,59.2,60.8,23.1,16.2,11.88,246.2,49.4,90.0
utm_source_medium,12M_cohort,True,share,organic,130,0.3,5.62,0.4,2.19,1.53,0.49,88.5,78.5,70.8,71.5,20.0,8.5,8.72,432.3,53.3,80.5
utm_source_medium,12M_cohort,True,zaritalk,partner,124,0.2,0.52,0.0,0.36,0.3,0.11,99.2,84.7,82.3,82.3,12.9,4.8,21.15,41.9,10.8,72.9
utm_source_medium,12M_cohort,True,kakaopay,paid_msg,99,0.2,3.0,0.2,1.1,0.86,0.31,81.8,67.7,57.6,58.6,31.3,10.1,10.33,303.0,54.4,66.2
utm_source_medium,12M_cohort,True,facebook.business,fb,93,0.2,3.2,0.2,1.4,1.1,0.4,83.9,77.4,67.7,67.7,22.6,9.7,12.5,344.1,63.5,95.9
utm_source_medium,12M_cohort,True,partner,partner,87,0.2,3.83,0.2,2.05,0.93,0.31,83.9,75.9,69.0,69.0,24.1,6.9,8.09,440.2,51.7,78.7
utm_source_medium,12M_cohort,True,ktlms,paid_msg,85,0.2,3.23,0.2,0.96,0.84,0.31,82.4,69.4,65.9,65.9,30.6,3.5,9.6,380.0,55.4,61.5
utm_source_medium,12M_cohort,True,google.adwords,paid_search,81,0.2,2.78,0.2,1.3,1.03,0.32,67.9,51.9,58.0,58.0,42.0,0.0,11.51,343.2,68.1,88.5
utm_source_medium,12M_cohort,True,barogo,partner,74,0.1,1.3,0.1,0.56,0.37,0.13,91.9,74.3,68.9,67.6,27.0,5.4,10.0,175.7,25.5,86.2
utm_source_medium,12M_cohort,True,smartbill,paid_msg,73,0.1,3.41,0.2,1.19,0.64,0.22,50.7,34.2,42.5,42.5,54.8,2.7,6.45,467.1,71.0,75.6
utm_source_medium,12M_cohort,True,naver_smartplace,partner,55,0.1,2.61,0.2,1.14,0.84,0.28,89.1,74.5,72.7,72.7,25.5,1.8,10.73,474.5,70.0,81.5
utm_source_medium,12M_cohort,True,partner,youtuber,51,0.1,2.43,0.2,1.21,1.02,0.31,74.5,64.7,66.7,66.7,33.3,0.0,12.76,476.5,91.2,83.1
utm_source_medium,12M_cohort,True,(none),(none),45,0.1,1.61,0.1,0.69,0.69,0.21,53.3,37.8,46.7,46.7,48.9,4.4,13.04,357.8,100.0,81.7
utm_source_medium,12M_cohort,True,baeminmartlms,paid_msg,39,0.1,1.36,0.1,0.44,0.4,0.15,84.6,74.4,66.7,69.2,23.1,7.7,11.03,348.7,57.7,70.2
utm_source_medium,12M_cohort,True,email,email,38,0.1,2.35,0.1,0.55,0.52,0.13,65.8,34.2,52.6,55.3,44.7,0.0,5.53,618.4,65.0,94.3
utm_source_medium,12M_cohort,True,finda,partner,38,0.1,1.67,0.1,0.59,0.57,0.2,89.5,84.2,78.9,78.9,15.8,5.3,11.98,439.5,66.7,63.7
utm_source_medium,12M_cohort,True,toss.partner,partner,36,0.1,2.79,0.2,0.66,0.5,0.18,86.1,66.7,63.9,63.9,33.3,2.8,6.45,775.0,78.3,52.6
utm_source_medium,12M_cohort,True,helpcenter,organic,28,0.1,1.49,0.1,0.95,0.59,0.21,78.6,60.7,67.9,67.9,28.6,3.6,14.09,532.1,110.5,67.7
utm_source_medium,12M_cohort,True,kakaopay,paid_display,25,0.0,0.86,0.1,0.24,0.19,0.07,84.0,76.0,68.0,68.0,24.0,8.0,8.14,344.0,41.2,93.4
utm_source_medium,12M_cohort,True,kbcardevent,partner,23,0.0,0.45,0.0,0.15,0.14,0.05,91.3,78.3,78.3,78.3,21.7,0.0,11.11,195.7,27.8,72.4
utm_source_medium,12M_cohort,True,signalplanner,partner,23,0.0,0.21,0.0,0.11,0.1,0.03,100.0,91.3,91.3,91.3,8.7,0.0,14.29,91.3,14.3,72.7
utm_source_medium,12M_cohort,True,samsungcard,paid_display,21,0.0,0.67,0.0,0.09,0.09,0.03,71.4,66.7,61.9,61.9,33.3,4.8,4.48,319.0,23.1,58.2
utm_source_medium,12M_cohort,True,cafe_naver,paid_display,19,0.0,1.89,0.1,0.68,0.31,0.11,63.2,57.9,52.6,52.6,42.1,5.3,5.82,994.7,110.0,78.7
utm_source_medium,12M_cohort,True,facebook.business,paid_display,16,0.0,0.5,0.0,0.29,0.28,0.1,93.8,81.2,81.2,81.2,12.5,6.2,20.0,312.5,76.9,82.1
utm_source_medium,12M_cohort,True,care_kakaochannel,organic,15,0.0,0.33,0.0,0.17,0.13,0.04,93.3,80.0,73.3,73.3,20.0,6.7,12.12,220.0,36.4,80.2
utm_source_medium,12M_cohort,True,taehoonkim,sales,15,0.0,0.46,0.0,0.31,0.13,0.04,80.0,53.3,60.0,60.0,33.3,6.7,8.7,306.7,44.4,70.3
utm_source_medium,12M_cohort,True,naverpay,paid_display,13,0.0,0.35,0.0,0.38,0.19,0.07,100.0,76.9,69.2,69.2,15.4,15.4,20.0,269.2,77.8,73.3
utm_source_medium,12M_cohort,True,bznav_app,(none),12,0.0,0.22,0.0,0.1,0.08,0.03,91.7,66.7,58.3,58.3,33.3,8.3,13.64,183.3,42.9,189.4
utm_source_medium,12M_cohort,True,care_service,organic,12,0.0,0.16,0.0,0.12,0.11,0.04,91.7,83.3,83.3,83.3,16.7,0.0,25.0,133.3,40.0,90.1
utm_source_medium,12M_cohort,True,kakao,paid_display,12,0.0,0.66,0.0,0.06,,,66.7,0.0,0.0,0.0,25.0,75.0,0.0,550.0,,
utm_source_medium,12M_cohort,True,facebook.business,{{site_source_name}},11,0.0,0.15,0.0,0.13,0.11,0.04,90.9,81.8,54.5,54.5,18.2,27.3,26.67,136.4,66.7,96.7
utm_source_medium,12M_cohort,True,lms,crm,11,0.0,0.58,0.0,0.14,0.11,0.04,45.5,45.5,36.4,36.4,54.5,9.1,6.9,527.3,100.0,54.0
utm_source_medium,12M_cohort,True,sendy,paid_display,11,0.0,0.1,0.0,0.07,0.07,0.03,100.0,100.0,90.9,90.9,0.0,9.1,30.0,90.9,30.0,64.0
utm_source_medium,12M_cohort,True,instagram,(none),9,0.0,0.45,0.0,0.28,0.05,0.02,66.7,55.6,55.6,55.6,44.4,0.0,4.44,500.0,40.0,73.2
utm_source_medium,12M_cohort,True,refund_operation,refund_operation,9,0.0,0.81,0.1,0.4,0.4,0.08,88.9,88.9,88.9,88.9,11.1,0.0,9.88,900.0,100.0,81.0
utm_source_medium,12M_cohort,True,sena,organic,9,0.0,0.13,0.0,0.05,0.05,0.02,88.9,88.9,88.9,88.9,11.1,0.0,15.38,144.4,25.0,82.3
utm_source_medium,12M_cohort,True,care_kakaochannel,care_organic,7,0.0,0.1,0.0,0.08,0.04,0.01,100.0,71.4,71.4,71.4,28.6,0.0,10.0,142.9,20.0,64.2
utm_source_medium,12M_cohort,True,friendtalk,crm,7,0.0,0.23,0.0,0.16,0.16,0.06,85.7,85.7,85.7,85.7,14.3,0.0,26.09,328.6,100.0,90.2
utm_source_medium,12M_cohort,True,hyundaicard,partner,7,0.0,0.16,0.0,0.16,0.11,0.04,85.7,71.4,71.4,71.4,14.3,14.3,25.0,228.6,80.0,160.6
utm_source_medium,12M_cohort,True,kakaochannel,ownedmedia,7,0.0,0.18,0.0,0.23,0.19,0.07,85.7,71.4,71.4,71.4,28.6,0.0,38.89,257.1,140.0,91.2
utm_source_medium,12M_cohort,True,kakaopay,partner,7,0.0,0.09,0.0,0.07,0.04,0.01,100.0,71.4,71.4,71.4,28.6,0.0,11.11,128.6,20.0,75.2
utm_source_medium,12M_cohort,True,partner,zsoo_accounting_firm,7,0.0,0.51,0.0,0.49,0.39,0.11,85.7,71.4,57.1,57.1,28.6,14.3,21.57,728.6,275.0,90.8
utm_source_medium,12M_cohort,True,google.adwords,(none),6,0.0,0.19,0.0,0.14,0.15,0.05,83.3,66.7,66.7,83.3,16.7,0.0,26.32,316.7,125.0,65.3
utm_source_medium,12M_cohort,True,pass,partner,6,0.0,0.28,0.0,0.22,0.22,0.08,83.3,66.7,50.0,50.0,33.3,16.7,28.57,466.7,266.7,193.0
utm_source_medium,12M_cohort,True,atlantruck,paid_display,5,0.0,0.02,0.0,0.02,0.02,0.01,100.0,80.0,80.0,80.0,20.0,0.0,50.0,40.0,25.0,64.5
utm_source_medium,12M_cohort,True,refund_pincrux,paid_cpa,5,0.0,0.22,0.0,0.05,0.01,0.0,40.0,20.0,20.0,20.0,80.0,0.0,0.0,440.0,0.0,291.0
utm_source_medium,12M_cohort,True,alrimtalk,(none),4,0.0,0.05,0.0,0.02,0.02,0.01,100.0,75.0,75.0,75.0,25.0,0.0,20.0,125.0,33.3,71.7
utm_source_medium,12M_cohort,True,channeltalk,refund_operation,4,0.0,0.19,0.0,0.21,0.21,0.08,100.0,100.0,50.0,50.0,0.0,50.0,42.11,475.0,400.0,78.0
utm_source_medium,12M_cohort,True,partner,blog,4,0.0,0.01,0.0,0.01,0.01,0.0,75.0,100.0,100.0,100.0,0.0,0.0,0.0,25.0,0.0,146.0
utm_source_medium,12M_cohort,True,portal,downbanner,4,0.0,0.19,0.0,0.07,0.03,0.01,50.0,25.0,25.0,25.0,75.0,0.0,5.26,475.0,100.0,63.0
utm_source_medium,12M_cohort,True,alrimtalk_manual,crm,3,0.0,0.2,0.0,0.3,,,100.0,0.0,0.0,0.0,33.3,66.7,0.0,666.7,,
utm_source_medium,12M_cohort,True,lgupluslms,paid_msg,3,0.0,0.05,0.0,0.04,0.02,0.01,100.0,33.3,33.3,33.3,33.3,33.3,20.0,166.7,100.0,243.0
utm_source_medium,12M_cohort,True,share,(none),3,0.0,0.42,0.0,0.02,0.02,0.01,100.0,100.0,100.0,100.0,0.0,0.0,2.38,1400.0,33.3,62.3
utm_source_medium,12M_cohort,True,alrimtalk.event,crm,2,0.0,0.12,0.0,0.06,,,50.0,0.0,0.0,0.0,100.0,0.0,0.0,600.0,,
utm_source_medium,12M_cohort,True,cafe24,paid_display,2,0.0,0.76,0.0,,,0.0,0.0,0.0,0.0,0.0,100.0,0.0,0.0,3800.0,,
utm_source_medium,12M_cohort,True,facebook.business,paid_display_jig,2,0.0,0.04,0.0,0.01,,,50.0,0.0,0.0,0.0,100.0,0.0,0.0,200.0,,
utm_source_medium,12M_cohort,True,moneyquiz,paid_display,2,0.0,0.42,0.0,0.08,0.08,0.03,100.0,100.0,100.0,100.0,0.0,0.0,7.14,2100.0,150.0,98.0
utm_source_medium,12M_cohort,True,naver.performance_da,paid_display,2,0.0,0.03,0.0,0.02,0.02,0.01,50.0,0.0,50.0,50.0,50.0,0.0,33.33,150.0,100.0,110.0
utm_source_medium,12M_cohort,True,paid_search,naver,2,0.0,0.11,0.0,0.04,0.04,0.01,100.0,100.0,50.0,50.0,0.0,50.0,9.09,550.0,100.0,70.0
utm_source_medium,12M_cohort,True,payhere,paid_display,2,0.0,0.03,0.0,0.03,0.0,0.0,100.0,50.0,50.0,50.0,50.0,0.0,0.0,150.0,0.0,88.0
utm_source_medium,12M_cohort,True,ymyd,paid_msg,2,0.0,0.44,0.0,0.18,,,50.0,0.0,0.0,0.0,100.0,0.0,0.0,2200.0,,
utm_source_medium,12M_cohort,True,youtube,ownedmedia,2,0.0,0.35,0.0,0.18,0.18,0.06,100.0,100.0,100.0,100.0,0.0,0.0,17.14,1750.0,300.0,80.0
utm_source_medium,12M_cohort,True,yujinkim,sales,2,0.0,0.04,0.0,0.0,0.0,0.0,100.0,100.0,100.0,100.0,0.0,0.0,0.0,200.0,0.0,50.5
utm_source_medium,12M_cohort,True,acuonsb,partner,1,0.0,0.0,0.0,0.0,0.0,0.0,100.0,100.0,100.0,100.0,0.0,0.0,,0.0,0.0,91.0
utm_source_medium,12M_cohort,True,adison.offerwall,paid_cpa,1,0.0,0.02,0.0,0.0,,,100.0,0.0,0.0,0.0,0.0,100.0,0.0,200.0,,
utm_source_medium,12M_cohort,True,buzzvil,paid_display,1,0.0,0.0,0.0,0.0,0.0,0.0,100.0,100.0,100.0,100.0,0.0,0.0,,0.0,0.0,56.0
utm_source_medium,12M_cohort,True,bznav,bznav_main_banner,1,0.0,0.04,0.0,0.04,0.04,0.01,100.0,100.0,100.0,100.0,0.0,0.0,25.0,400.0,100.0,50.0
utm_source_medium,12M_cohort,True,bznav.homepage,(none),1,0.0,0.01,0.0,0.01,0.01,0.0,100.0,100.0,100.0,100.0,0.0,0.0,0.0,100.0,0.0,64.0
utm_source_medium,12M_cohort,True,capa,paid_msg,1,0.0,0.0,0.0,,,0.0,0.0,0.0,0.0,0.0,100.0,0.0,,0.0,,
utm_source_medium,12M_cohort,True,cfr_share,share_btn_click,1,0.0,0.19,0.0,,,0.0,0.0,0.0,0.0,0.0,100.0,0.0,0.0,1900.0,,
utm_source_medium,12M_cohort,True,cookiesoven,paid_cpa,1,0.0,0.08,0.0,,,,0.0,0.0,0.0,0.0,100.0,0.0,0.0,800.0,,
utm_source_medium,12M_cohort,True,display,v3,1,0.0,0.0,0.0,0.0,0.0,0.0,100.0,100.0,100.0,100.0,0.0,0.0,,0.0,0.0,66.0
utm_source_medium,12M_cohort,True,facebook.business,th,1,0.0,0.01,0.0,0.0,,,100.0,0.0,0.0,0.0,100.0,0.0,0.0,100.0,,
utm_source_medium,12M_cohort,True,friendtalk,(none),1,0.0,0.05,0.0,,,,0.0,0.0,0.0,0.0,100.0,0.0,0.0,500.0,,
utm_source_medium,12M_cohort,True,gmarketbiz,(none),1,0.0,0.0,0.0,0.0,0.0,0.0,100.0,0.0,100.0,100.0,0.0,0.0,,0.0,0.0,65.0
utm_source_medium,12M_cohort,True,gmoney,partner,1,0.0,0.01,0.0,0.01,0.01,0.0,100.0,100.0,100.0,100.0,0.0,0.0,0.0,100.0,0.0,97.0
utm_source_medium,12M_cohort,True,kakaochannel,(none),1,0.0,0.01,0.0,0.0,0.0,0.0,100.0,100.0,100.0,100.0,0.0,0.0,0.0,100.0,0.0,104.0
utm_source_medium,12M_cohort,True,lee_byung_se,sales,1,0.0,0.16,0.0,0.15,,,0.0,0.0,0.0,0.0,100.0,0.0,0.0,1600.0,,
utm_source_medium,12M_cohort,True,marketboro,paid_display,1,0.0,0.07,0.0,0.03,,,100.0,0.0,0.0,0.0,100.0,0.0,0.0,700.0,,
utm_source_medium,12M_cohort,True,marketboro,paid_msg,1,0.0,0.26,0.0,,,,0.0,0.0,0.0,0.0,100.0,0.0,0.0,2600.0,,
utm_source_medium,12M_cohort,True,officener,partner,1,0.0,0.0,0.0,0.0,0.0,0.0,100.0,100.0,100.0,100.0,0.0,0.0,,0.0,0.0,58.0
utm_source_medium,12M_cohort,True,overtake,paid_msg,1,0.0,0.02,0.0,,,,0.0,0.0,0.0,0.0,100.0,0.0,0.0,200.0,,
utm_source_medium,12M_cohort,True,paid_search,google,1,0.0,0.03,0.0,0.0,0.0,0.0,100.0,100.0,100.0,100.0,0.0,0.0,0.0,300.0,0.0,85.0
utm_source_medium,12M_cohort,True,partner,afillates,1,0.0,0.01,0.0,0.01,0.01,0.0,100.0,100.0,0.0,0.0,0.0,100.0,0.0,100.0,,
utm_source_medium,12M_cohort,True,partner,nationwide_sales_firm,1,0.0,0.07,0.0,,,,0.0,0.0,0.0,0.0,100.0,0.0,0.0,700.0,,
utm_source_medium,12M_cohort,True,payhere,paid_msg,1,0.0,0.0,0.0,0.0,0.0,0.0,100.0,100.0,100.0,100.0,0.0,0.0,,0.0,0.0,65.0
utm_source_medium,12M_cohort,True,remember,paid_display,1,0.0,0.21,0.0,0.28,,0.0,100.0,0.0,0.0,0.0,100.0,0.0,0.0,2100.0,,
utm_source_medium,12M_cohort,True,shinhancard.partner,partner,1,0.0,0.03,0.0,0.03,0.03,0.01,100.0,100.0,100.0,100.0,0.0,0.0,33.33,300.0,100.0,83.0
utm_source_medium,12M_cohort,True,theshop,paid_msg,1,0.0,0.04,0.0,,,,0.0,0.0,0.0,0.0,100.0,0.0,0.0,400.0,,
utm_source_medium,12M_cohort,True,tiktok,paid_display_jig,1,0.0,0.0,0.0,0.0,0.0,0.0,100.0,100.0,0.0,0.0,0.0,100.0,,0.0,,
utm_source_medium,12M_cohort,True,zsoo_sales4,sales,1,0.0,0.13,0.0,0.12,0.12,0.04,100.0,100.0,100.0,100.0,0.0,0.0,30.77,1300.0,400.0,60.0
utm_source_medium,3M_recent,False,alrimtalk_manual,crm,1760,14.8,77.54,15.4,29.99,3.61,1.31,78.8,17.3,12.7,12.7,27.2,60.1,1.69,440.6,58.7,47.0
utm_source_medium,3M_recent,False,alrimtalk,crm,1389,11.7,60.0,11.9,25.34,10.48,3.67,84.0,41.5,34.8,34.8,23.3,41.9,6.12,432.0,76.0,55.8
utm_source_medium,3M_recent,False,toss.join,partner,1114,9.4,43.68,8.7,17.65,5.49,1.97,84.5,37.7,29.2,29.3,21.1,49.6,4.51,392.1,60.6,53.5
utm_source_medium,3M_recent,False,kakao,paid_display,713,6.0,24.42,4.9,10.25,0.35,0.14,80.5,4.8,3.9,3.9,20.3,75.7,0.57,342.5,50.0,26.4
utm_source_medium,3M_recent,False,kbcardlms,paid_msg,619,5.2,32.6,6.5,9.87,3.53,1.28,74.5,28.4,23.7,23.7,31.7,44.6,3.93,526.7,87.1,53.2
utm_source_medium,3M_recent,False,facebook.business,ig,584,4.9,16.07,3.2,7.45,4.24,1.48,89.0,64.7,53.9,53.9,19.0,27.1,9.21,275.2,47.0,52.6
utm_source_medium,3M_recent,False,google.adwords,paid_display,576,4.8,17.13,3.4,6.99,1.76,0.63,83.2,31.6,25.3,25.3,23.1,51.6,3.68,297.4,43.2,54.5
utm_source_medium,3M_recent,False,naver.searchad,paid_search,471,4.0,23.08,4.6,8.93,1.89,0.67,76.4,31.8,25.7,25.7,31.0,43.3,2.9,490.0,55.4,53.6
utm_source_medium,3M_recent,False,kakaobank,paid_display,386,3.2,15.43,3.1,6.12,1.84,0.65,81.3,32.9,26.2,26.2,24.9,49.0,4.21,399.7,64.4,54.9
utm_source_medium,3M_recent,False,okpos,paid_display,381,3.2,21.99,4.4,7.24,1.53,0.52,72.4,27.6,22.0,22.3,32.8,44.9,2.36,577.2,61.9,51.4
utm_source_medium,3M_recent,False,shinhancardlms,paid_msg,378,3.2,12.2,2.4,5.91,0.16,0.06,85.7,3.4,2.9,2.9,17.2,79.9,0.49,322.8,54.5,21.5
utm_source_medium,3M_recent,False,sms,sms,349,2.9,28.81,5.7,10.04,1.16,0.4,76.5,18.1,15.8,15.8,27.5,56.7,1.39,825.5,72.7,51.9
utm_source_medium,3M_recent,False,kakaopay,paid_msg,299,2.5,13.93,2.8,5.5,2.67,0.84,80.9,46.2,38.1,38.1,28.8,33.1,6.03,465.9,73.7,54.0
utm_source_medium,3M_recent,False,kakaobrandmsg,crm,266,2.2,11.17,2.2,4.7,1.37,0.47,86.5,59.4,50.4,50.4,25.6,24.1,4.21,419.9,35.1,53.4
utm_source_medium,3M_recent,False,referer,(none),256,2.2,12.23,2.4,6.63,2.15,0.6,76.6,33.6,27.3,27.3,27.0,45.7,4.91,477.7,85.7,56.7
utm_source_medium,3M_recent,False,kakaochannel,(none),218,1.8,8.13,1.6,3.83,1.1,0.42,86.7,38.1,31.7,31.7,19.7,48.6,5.17,372.9,60.9,54.5
utm_source_medium,3M_recent,False,bznav_app,(none),170,1.4,4.89,1.0,2.65,0.8,0.29,87.6,36.5,28.2,28.2,17.1,54.7,5.93,287.6,60.4,49.8
utm_source_medium,3M_recent,False,hanacardlms,paid_msg,166,1.4,10.65,2.1,3.02,0.74,0.27,75.9,28.9,25.9,25.9,31.9,42.2,2.54,641.6,62.8,56.0
utm_source_medium,3M_recent,False,zeropay,partner,146,1.2,5.71,1.1,2.1,0.42,0.15,75.3,19.2,15.8,15.8,31.5,52.7,2.63,391.1,65.2,53.2
utm_source_medium,3M_recent,False,alrimtalk.toss.join,crm,139,1.2,5.69,1.1,1.94,0.64,0.23,90.6,36.7,29.5,29.5,13.7,56.8,4.04,409.4,56.1,51.9
utm_source_medium,3M_recent,False,zaritalk,partner,121,1.0,1.12,0.2,0.62,0.23,0.08,95.0,38.0,25.6,25.6,9.1,65.3,7.14,92.6,25.8,49.7
utm_source_medium,3M_recent,False,baeminmartlms,paid_msg,118,1.0,3.79,0.8,1.46,0.44,0.16,84.7,42.4,32.2,32.2,24.6,43.2,4.22,321.2,42.1,56.1
utm_source_medium,3M_recent,False,cashnote,paid_display,109,0.9,3.06,0.6,1.19,0.32,0.11,76.1,28.4,19.3,19.3,28.4,52.3,3.59,280.7,52.4,59.1
utm_source_medium,3M_recent,False,facebook.business,{meta_manual_target_260324},105,0.9,3.84,0.8,1.6,0.09,0.03,85.7,2.9,2.9,2.9,19.0,78.1,0.78,365.7,100.0,12.3
utm_source_medium,3M_recent,False,kakaobrandmsg,paid_msg,90,0.8,1.89,0.4,0.55,0.44,0.16,86.7,70.0,56.7,56.7,24.4,18.9,8.47,210.0,31.4,58.0
utm_source_medium,3M_recent,False,hyundaicard,partner,82,0.7,2.56,0.5,0.74,0.31,0.11,76.8,32.9,28.0,28.0,29.3,42.7,4.3,312.2,47.8,53.3
utm_source_medium,3M_recent,False,facebook.business,{meta_asc_lookup_260303},78,0.7,1.93,0.4,0.91,0.15,0.05,91.0,14.1,10.3,10.3,15.4,74.4,2.59,247.4,62.5,37.5
utm_source_medium,3M_recent,False,refund_pincrux,paid_cpa,77,0.6,3.96,0.8,0.79,0.45,0.16,70.1,32.5,23.4,23.4,36.4,40.3,4.04,514.3,88.9,44.9
utm_source_medium,3M_recent,False,facebook.business,fb,62,0.5,2.15,0.4,0.93,0.73,0.27,85.5,67.7,58.1,58.1,21.0,21.0,12.56,346.8,75.0,51.9
utm_source_medium,3M_recent,False,cashnote,paid_msg,56,0.5,3.25,0.6,1.02,0.24,0.09,76.8,32.1,28.6,28.6,26.8,44.6,2.77,580.4,56.2,54.5
utm_source_medium,3M_recent,False,facebook.business,{{site_source_name}},53,0.4,1.82,0.4,0.84,0.68,0.22,86.8,62.3,45.3,45.3,24.5,30.2,12.09,343.4,91.7,55.7
utm_source_medium,3M_recent,False,kakaochannel,organic,51,0.4,1.32,0.3,0.35,0.0,0.0,78.4,2.0,2.0,2.0,23.5,74.5,0.0,258.8,0.0,9.0
utm_source_medium,3M_recent,False,partner,affillates,47,0.4,4.87,1.0,3.78,0.32,0.09,93.6,40.4,27.7,27.7,14.9,57.4,1.85,1036.2,69.2,50.6
utm_source_medium,3M_recent,False,facebook.business,{meta_asc_completeregistration_251208},46,0.4,1.09,0.2,0.6,0.06,0.02,84.8,4.3,4.3,4.3,17.4,78.3,1.83,237.0,100.0,12.5
utm_source_medium,3M_recent,False,smartbill,paid_msg,46,0.4,2.2,0.4,0.4,0.05,0.02,37.0,13.0,13.0,13.0,54.3,32.6,0.91,478.3,33.3,56.3
utm_source_medium,3M_recent,False,kakaopay,paid_display,45,0.4,3.38,0.7,0.53,0.28,0.09,82.2,55.6,46.7,46.7,24.4,28.9,2.66,751.1,42.9,55.9
utm_source_medium,3M_recent,False,google.adwords,paid_search,40,0.3,1.97,0.4,0.62,0.33,0.12,57.5,25.0,25.0,25.0,42.5,32.5,6.09,492.5,120.0,51.0
utm_source_medium,3M_recent,False,share,organic,33,0.3,1.5,0.3,0.4,0.1,0.03,75.8,36.4,36.4,36.4,33.3,30.3,2.0,454.5,25.0,48.1
utm_source_medium,3M_recent,False,okpos,paid_msg,32,0.3,1.72,0.3,0.64,0.37,0.14,75.0,62.5,56.2,56.2,34.4,9.4,8.14,537.5,77.8,61.2
utm_source_medium,3M_recent,False,buzzvil,paid_cpa,21,0.2,0.18,0.0,0.16,0.1,0.04,100.0,42.9,33.3,33.3,0.0,66.7,22.22,85.7,57.1,42.7
utm_source_medium,3M_recent,False,bznav.homepage,organic,16,0.1,0.96,0.2,0.51,0.38,0.13,87.5,43.8,50.0,50.0,12.5,37.5,13.54,600.0,162.5,56.1
utm_source_medium,3M_recent,False,channeltalk,refund_operation,15,0.1,0.9,0.2,0.29,0.02,0.01,80.0,26.7,26.7,26.7,20.0,53.3,1.11,600.0,25.0,51.8
utm_source_medium,3M_recent,False,yogiyo,partner,14,0.1,0.67,0.1,0.42,,,92.9,0.0,0.0,0.0,7.1,92.9,0.0,478.6,,
utm_source_medium,3M_recent,False,docple,paid_display,13,0.1,2.13,0.4,1.67,0.29,0.11,84.6,15.4,15.4,15.4,23.1,61.5,5.16,1638.5,550.0,26.5
utm_source_medium,3M_recent,False,pass,partner,10,0.1,0.34,0.1,0.08,0.01,0.0,80.0,20.0,20.0,20.0,20.0,60.0,0.0,340.0,0.0,49.0
utm_source_medium,3M_recent,False,barogo,partner,9,0.1,0.14,0.0,0.08,,,100.0,0.0,0.0,0.0,0.0,100.0,0.0,155.6,,
utm_source_medium,3M_recent,False,facebook.business,{{{adset.name}}},9,0.1,0.18,0.0,0.08,,0.0,88.9,0.0,0.0,0.0,11.1,88.9,0.0,200.0,,
utm_source_medium,3M_recent,False,tiktok,paid_display,9,0.1,0.52,0.1,0.08,0.07,0.03,77.8,55.6,44.4,44.4,33.3,22.2,5.77,577.8,75.0,68.0
utm_source_medium,3M_recent,False,facebook.business,{meta_jhy.lookup_260304},8,0.1,0.24,0.0,0.16,0.02,0.01,100.0,12.5,0.0,0.0,0.0,100.0,4.17,300.0,,
utm_source_medium,3M_recent,False,imbank,partner,8,0.1,0.06,0.0,0.06,,,100.0,0.0,0.0,0.0,12.5,87.5,0.0,75.0,,
utm_source_medium,3M_recent,False,banksalad,partner,7,0.1,0.07,0.0,0.04,0.02,0.01,71.4,57.1,42.9,42.9,28.6,28.6,14.29,100.0,33.3,52.3
utm_source_medium,3M_recent,False,facebook.business,th,7,0.1,0.1,0.0,0.06,0.06,0.02,85.7,85.7,71.4,71.4,14.3,14.3,20.0,142.9,40.0,59.4
utm_source_medium,3M_recent,False,hpointlms,paid_msg,7,0.1,1.01,0.2,0.17,0.17,0.06,57.1,57.1,42.9,42.9,42.9,14.3,5.94,1442.9,200.0,62.3
utm_source_medium,3M_recent,False,baropharm,partner,6,0.1,0.29,0.1,0.03,,,33.3,0.0,0.0,0.0,83.3,16.7,0.0,483.3,,
utm_source_medium,3M_recent,False,helpcenter,organic,5,0.0,0.22,0.0,0.06,0.01,0.0,40.0,20.0,40.0,40.0,40.0,20.0,0.0,440.0,0.0,51.0
utm_source_medium,3M_recent,False,naver_smartplace,partner,5,0.0,0.27,0.1,0.05,0.01,0.0,80.0,20.0,20.0,20.0,20.0,60.0,0.0,540.0,0.0,61.0
utm_source_medium,3M_recent,False,paybooc,partner,5,0.0,0.05,0.0,0.06,,,100.0,0.0,0.0,0.0,0.0,100.0,0.0,100.0,,
utm_source_medium,3M_recent,False,care_service,organic,4,0.0,0.04,0.0,0.03,,,100.0,0.0,0.0,0.0,0.0,100.0,0.0,100.0,,
utm_source_medium,3M_recent,False,email,email,3,0.0,0.14,0.0,,,0.0,0.0,0.0,0.0,0.0,66.7,33.3,0.0,466.7,,
utm_source_medium,3M_recent,False,kakao,kakao_talk,3,0.0,0.07,0.0,0.06,0.02,0.01,100.0,33.3,33.3,33.3,66.7,0.0,14.29,233.3,100.0,50.0
utm_source_medium,3M_recent,False,kakaochannel,ownedmedia,3,0.0,0.04,0.0,0.02,0.02,0.01,100.0,100.0,66.7,66.7,0.0,33.3,25.0,133.3,50.0,55.5
utm_source_medium,3M_recent,False,adison.offerwall,paid_cpa,2,0.0,0.05,0.0,0.03,,,100.0,0.0,0.0,0.0,0.0,100.0,0.0,250.0,,
utm_source_medium,3M_recent,False,bznav_lms,refund_operation,2,0.0,0.43,0.1,0.22,0.15,0.06,100.0,50.0,50.0,50.0,0.0,50.0,13.95,2150.0,600.0,43.0
utm_source_medium,3M_recent,False,google.adwords,(none),2,0.0,0.04,0.0,0.04,,0.0,50.0,0.0,0.0,0.0,0.0,100.0,0.0,200.0,,
utm_source_medium,3M_recent,False,naver.performance_da,paid_display,2,0.0,0.08,0.0,0.0,0.0,0.0,50.0,50.0,50.0,50.0,50.0,0.0,0.0,400.0,0.0,50.0
utm_source_medium,3M_recent,False,sms,refund_operation,2,0.0,0.51,0.1,0.17,,,100.0,0.0,0.0,0.0,0.0,100.0,0.0,2550.0,,
utm_source_medium,3M_recent,False,youtube,ownedmedia,2,0.0,0.04,0.0,0.04,0.0,0.0,100.0,50.0,50.0,50.0,50.0,0.0,0.0,200.0,0.0,47.0
utm_source_medium,3M_recent,False,(none),(none),1,0.0,0.0,0.0,0.0,0.0,0.0,100.0,0.0,100.0,0.0,0.0,100.0,,0.0,0.0,-933.0
utm_source_medium,3M_recent,False,apti,partner,1,0.0,0.03,0.0,0.03,,,100.0,0.0,0.0,0.0,0.0,100.0,0.0,300.0,,
utm_source_medium,3M_recent,False,bznav,recommend_link,1,0.0,0.55,0.1,0.17,,,100.0,0.0,0.0,0.0,0.0,100.0,0.0,5500.0,,
utm_source_medium,3M_recent,False,cafe_naver,paid_display,1,0.0,0.15,0.0,0.11,,,100.0,0.0,0.0,0.0,0.0,100.0,0.0,1500.0,,
utm_source_medium,3M_recent,False,cfr_share,share_btn_click,1,0.0,0.04,0.0,0.03,,,100.0,0.0,0.0,0.0,0.0,100.0,0.0,400.0,,
utm_source_medium,3M_recent,False,dabangpro,paid_display,1,0.0,0.01,0.0,0.01,,,100.0,0.0,0.0,0.0,0.0,100.0,0.0,100.0,,
utm_source_medium,3M_recent,False,facebook.business,{meta_manual_target_260210},1,0.0,0.01,0.0,0.01,,,100.0,0.0,0.0,0.0,0.0,100.0,0.0,100.0,,
utm_source_medium,3M_recent,False,instagram,(none),1,0.0,0.0,0.0,0.0,0.0,0.0,100.0,100.0,100.0,100.0,0.0,0.0,,0.0,0.0,66.0
utm_source_medium,3M_recent,False,kakaopay,partner,1,0.0,0.0,0.0,0.0,,,100.0,0.0,0.0,0.0,0.0,100.0,,0.0,,
utm_source_medium,3M_recent,False,kbcardevent,partner,1,0.0,0.09,0.0,0.05,,,100.0,0.0,0.0,0.0,0.0,100.0,0.0,900.0,,
utm_source_medium,3M_recent,False,tnk,paid_cpa,1,0.0,0.01,0.0,0.01,0.01,0.0,100.0,100.0,0.0,0.0,0.0,100.0,0.0,100.0,,
utm_source_medium,1M_recent,False,alrimtalk_manual,crm,772,19.5,32.64,20.9,14.65,0.5,0.18,76.7,1.3,1.2,1.2,25.5,73.3,0.55,422.8,200.0,18.7
utm_source_medium,1M_recent,False,kakao,paid_display,560,14.2,18.8,12.0,7.25,0.05,0.02,79.1,2.0,1.6,1.6,20.4,78.0,0.11,335.7,22.2,14.6
utm_source_medium,1M_recent,False,alrimtalk,crm,358,9.1,14.08,9.0,6.44,0.05,0.02,84.9,1.1,0.8,0.8,16.2,83.0,0.14,393.3,66.7,8.3
utm_source_medium,1M_recent,False,shinhancardlms,paid_msg,273,6.9,6.89,4.4,3.27,0.08,0.03,85.3,2.2,2.2,2.2,16.5,81.3,0.44,252.4,50.0,14.3
utm_source_medium,1M_recent,False,kbcardlms,paid_msg,262,6.6,12.51,8.0,3.86,0.01,0.0,75.2,0.4,0.4,0.4,26.7,72.9,0.0,477.5,0.0,8.0
utm_source_medium,1M_recent,False,toss.join,partner,243,6.1,11.88,7.6,4.26,0.02,0.01,82.3,0.8,0.8,0.8,19.8,79.4,0.08,488.9,50.0,18.5
utm_source_medium,1M_recent,False,google.adwords,paid_display,184,4.7,5.09,3.3,2.13,0.02,0.01,77.2,1.6,1.1,1.1,22.8,76.1,0.2,276.6,50.0,19.5
utm_source_medium,1M_recent,False,sms,sms,168,4.2,13.03,8.3,6.16,0.06,0.02,78.0,2.4,1.8,1.8,23.2,75.0,0.15,775.6,66.7,20.7
utm_source_medium,1M_recent,False,naver.searchad,paid_search,144,3.6,6.37,4.1,2.77,0.0,0.0,72.9,0.7,0.7,0.7,29.2,70.1,0.0,442.4,0.0,10.0
utm_source_medium,1M_recent,False,facebook.business,{meta_manual_target_260324},105,2.7,3.84,2.5,1.6,0.09,0.03,85.7,2.9,2.9,2.9,19.0,78.1,0.78,365.7,100.0,12.3
utm_source_medium,1M_recent,False,okpos,paid_display,99,2.5,3.72,2.4,2.16,0.0,0.0,76.8,1.0,0.0,0.0,24.2,75.8,0.0,375.8,,
utm_source_medium,1M_recent,False,kakaobank,paid_display,82,2.1,2.21,1.4,0.99,0.0,0.0,85.4,1.2,1.2,1.2,19.5,79.3,0.0,269.5,0.0,15.0
utm_source_medium,1M_recent,False,referer,(none),69,1.7,3.03,1.9,1.9,0.02,0.01,65.2,2.9,2.9,2.9,27.5,69.6,0.33,439.1,50.0,19.5
utm_source_medium,1M_recent,False,zeropay,partner,67,1.7,2.6,1.7,0.78,0.0,0.0,70.1,1.5,1.5,1.5,35.8,62.7,0.0,388.1,0.0,15.0
utm_source_medium,1M_recent,False,bznav_app,(none),52,1.3,1.57,1.0,0.81,,0.0,86.5,0.0,0.0,0.0,13.5,86.5,0.0,301.9,,
utm_source_medium,1M_recent,False,kakaochannel,organic,51,1.3,1.32,0.8,0.35,0.0,0.0,78.4,2.0,2.0,2.0,23.5,74.5,0.0,258.8,0.0,9.0
utm_source_medium,1M_recent,False,alrimtalk.toss.join,crm,50,1.3,0.71,0.5,0.46,0.0,0.0,92.0,2.0,2.0,2.0,14.0,84.0,0.0,142.0,0.0,13.0
utm_source_medium,1M_recent,False,kakaochannel,(none),49,1.2,1.68,1.1,0.71,0.01,0.0,89.8,2.0,2.0,2.0,14.3,83.7,0.0,342.9,0.0,20.0
utm_source_medium,1M_recent,False,hanacardlms,paid_msg,38,1.0,2.94,1.9,0.79,,,73.7,0.0,0.0,0.0,31.6,68.4,0.0,773.7,,
utm_source_medium,1M_recent,False,facebook.business,ig,35,0.9,1.4,0.9,0.31,,0.0,80.0,0.0,0.0,0.0,11.4,88.6,0.0,400.0,,
utm_source_medium,1M_recent,False,kakaopay,paid_msg,33,0.8,0.94,0.6,0.55,0.0,0.0,81.8,3.0,3.0,3.0,18.2,78.8,0.0,284.8,0.0,12.0
utm_source_medium,1M_recent,False,cashnote,paid_display,27,0.7,0.79,0.5,0.38,,0.0,63.0,0.0,0.0,0.0,29.6,70.4,0.0,292.6,,
utm_source_medium,1M_recent,False,baeminmartlms,paid_msg,22,0.6,0.55,0.4,0.19,,0.0,86.4,0.0,0.0,0.0,13.6,86.4,0.0,250.0,,
utm_source_medium,1M_recent,False,smartbill,paid_msg,20,0.5,0.83,0.5,0.2,,0.0,25.0,0.0,0.0,0.0,55.0,45.0,0.0,415.0,,
utm_source_medium,1M_recent,False,hyundaicard,partner,16,0.4,0.38,0.2,0.22,,,87.5,0.0,0.0,0.0,12.5,87.5,0.0,237.5,,
utm_source_medium,1M_recent,False,refund_pincrux,paid_cpa,16,0.4,0.52,0.3,0.15,0.0,0.0,56.2,6.2,6.2,6.2,50.0,43.8,0.0,325.0,0.0,14.0
utm_source_medium,1M_recent,False,cashnote,paid_msg,15,0.4,0.73,0.5,0.22,,,60.0,0.0,0.0,0.0,40.0,60.0,0.0,486.7,,
utm_source_medium,1M_recent,False,google.adwords,paid_search,14,0.4,0.71,0.5,0.11,,0.0,21.4,0.0,0.0,0.0,71.4,28.6,0.0,507.1,,
utm_source_medium,1M_recent,False,yogiyo,partner,14,0.4,0.67,0.4,0.42,,,92.9,0.0,0.0,0.0,7.1,92.9,0.0,478.6,,
utm_source_medium,1M_recent,False,facebook.business,{meta_asc_completeregistration_251208},10,0.3,0.16,0.1,0.08,,,90.0,0.0,0.0,0.0,10.0,90.0,0.0,160.0,,
utm_source_medium,1M_recent,False,barogo,partner,9,0.2,0.14,0.1,0.08,,,100.0,0.0,0.0,0.0,0.0,100.0,0.0,155.6,,
utm_source_medium,1M_recent,False,buzzvil,paid_cpa,8,0.2,0.05,0.0,0.04,,,100.0,0.0,0.0,0.0,0.0,100.0,0.0,62.5,,
utm_source_medium,1M_recent,False,channeltalk,refund_operation,8,0.2,0.68,0.4,0.2,0.0,0.0,87.5,12.5,12.5,12.5,12.5,75.0,0.0,850.0,0.0,13.0
utm_source_medium,1M_recent,False,partner,affillates,8,0.2,0.28,0.2,1.53,,,100.0,0.0,0.0,0.0,0.0,100.0,0.0,350.0,,
utm_source_medium,1M_recent,False,pass,partner,8,0.2,0.33,0.2,0.06,,,75.0,0.0,0.0,0.0,25.0,75.0,0.0,412.5,,
utm_source_medium,1M_recent,False,share,organic,8,0.2,0.27,0.2,0.17,,0.0,62.5,0.0,0.0,0.0,37.5,62.5,0.0,337.5,,
utm_source_medium,1M_recent,False,zaritalk,partner,8,0.2,0.06,0.0,0.04,,0.0,87.5,0.0,0.0,0.0,12.5,87.5,0.0,75.0,,
utm_source_medium,1M_recent,False,baropharm,partner,6,0.2,0.29,0.2,0.03,,,33.3,0.0,0.0,0.0,83.3,16.7,0.0,483.3,,
utm_source_medium,1M_recent,False,bznav.homepage,organic,5,0.1,0.11,0.1,0.09,,0.0,60.0,0.0,0.0,0.0,40.0,60.0,0.0,220.0,,
utm_source_medium,1M_recent,False,facebook.business,{{{adset.name}}},5,0.1,0.15,0.1,0.06,,0.0,80.0,0.0,0.0,0.0,20.0,80.0,0.0,300.0,,
utm_source_medium,1M_recent,False,paybooc,partner,5,0.1,0.05,0.0,0.06,,,100.0,0.0,0.0,0.0,0.0,100.0,0.0,100.0,,
utm_source_medium,1M_recent,False,imbank,partner,4,0.1,0.03,0.0,0.02,,,100.0,0.0,0.0,0.0,25.0,75.0,0.0,75.0,,
utm_source_medium,1M_recent,False,docple,paid_display,3,0.1,0.31,0.2,0.21,,,100.0,0.0,0.0,0.0,0.0,100.0,0.0,1033.3,,
utm_source_medium,1M_recent,False,adison.offerwall,paid_cpa,2,0.1,0.05,0.0,0.03,,,100.0,0.0,0.0,0.0,0.0,100.0,0.0,250.0,,
utm_source_medium,1M_recent,False,care_service,organic,2,0.1,0.02,0.0,0.02,,,100.0,0.0,0.0,0.0,0.0,100.0,0.0,100.0,,
utm_source_medium,1M_recent,False,facebook.business,fb,2,0.1,0.05,0.0,0.02,,0.0,50.0,0.0,0.0,0.0,50.0,50.0,0.0,250.0,,
utm_source_medium,1M_recent,False,facebook.business,{{site_source_name}},2,0.1,0.01,0.0,0.01,,,100.0,0.0,0.0,0.0,0.0,100.0,0.0,50.0,,
utm_source_medium,1M_recent,False,google.adwords,(none),2,0.1,0.04,0.0,0.04,,0.0,50.0,0.0,0.0,0.0,0.0,100.0,0.0,200.0,,
utm_source_medium,1M_recent,False,helpcenter,organic,2,0.1,0.06,0.0,0.05,,0.0,0.0,0.0,0.0,0.0,50.0,50.0,0.0,300.0,,
utm_source_medium,1M_recent,False,kakaobrandmsg,crm,2,0.1,0.02,0.0,0.02,,,100.0,0.0,0.0,0.0,0.0,100.0,0.0,100.0,,
utm_source_medium,1M_recent,False,apti,partner,1,0.0,0.03,0.0,0.03,,,100.0,0.0,0.0,0.0,0.0,100.0,0.0,300.0,,
utm_source_medium,1M_recent,False,bznav_lms,refund_operation,1,0.0,0.27,0.2,0.07,,,100.0,0.0,0.0,0.0,0.0,100.0,0.0,2700.0,,
utm_source_medium,1M_recent,False,cafe_naver,paid_display,1,0.0,0.15,0.1,0.11,,,100.0,0.0,0.0,0.0,0.0,100.0,0.0,1500.0,,
utm_source_medium,1M_recent,False,dabangpro,paid_display,1,0.0,0.01,0.0,0.01,,,100.0,0.0,0.0,0.0,0.0,100.0,0.0,100.0,,
utm_source_medium,1M_recent,False,email,email,1,0.0,0.02,0.0,,,0.0,0.0,0.0,0.0,0.0,0.0,100.0,0.0,200.0,,
utm_source_medium,1M_recent,False,kakaopay,partner,1,0.0,0.0,0.0,0.0,,,100.0,0.0,0.0,0.0,0.0,100.0,,0.0,,
utm_source_medium,1M_recent,False,kbcardevent,partner,1,0.0,0.09,0.1,0.05,,,100.0,0.0,0.0,0.0,0.0,100.0,0.0,900.0,,
utm_source_medium,1M_recent,False,naver_smartplace,partner,1,0.0,0.1,0.1,0.03,,,100.0,0.0,0.0,0.0,0.0,100.0,0.0,1000.0,,
